a_L001,a_L002,a_L003,a_L004,a_L005,a_L006,a_L007,a_L008,a_L009,a_L010,a_L011,a_L012,a_L013,a_L014,a_L015,a_L016,a_L017,a_L018,a_L019,a_L020
2,2,2,0,0,0,0,0,0,0,0,0,0,0,0,0,0,0,0,0
2,0,1,1,1,0,0,0,0,0,0,0,0,0,0,0,0,0,0,0
3,0,0,0,1,1,0,0,0,0,0,0,0,0,0,0,0,0,0,0
3,0,1,0,0,0,0,1,0,0,0,0,0,0,0,0,0,0,0,0
0,2,0,0,1,0,1,0,0,0,0,0,0,0,0,0,0,0,0,0
1,1,1,0,0,0,0,0,0,1,0,0,0,0,0,0,0,0,0,0
0,0,0,0,0,0,0,0,0,2,0,0,0,0,0,0,0,0,0,0
0,0,0,0,0,0,0,0,1,0,1,0,0,0,0,0,0,0,0,0
2,1,0,0,2,0,0,0,0,0,0,0,0,0,0,0,0,0,0,0
0,2,1,0,0,0,0,0,1,0,0,0,0,0,0,0,0,0,0,0
0,0,0,1,1,0,0,0,1,0,0,0,0,0,0,0,0,0,0,0
0,0,1,1,0,0,0,0,0,0,1,0,0,0,0,0,0,0,0,0
1,0,0,0,0,0,0,1,1,0,0,0,0,0,0,0,0,0,0,0
1,0,0,0,0,1,0,0,0,0,1,0,0,0,0,0,0,0,0,0
1,0,1,0,0,0,0,0,0,0,0,0,0,1,0,0,0,0,0,0
0,0,0,0,0,0,0,1,0,0,0,1,0,0,0,0,0,0,0,0
0,2,2,1,0,0,0,0,0,0,0,0,0,0,0,0,0,0,0,0
1,2,1,0,0,1,0,0,0,0,0,0,0,0,0,0,0,0,0,0
0,0,1,2,1,0,0,0,0,0,0,0,0,0,0,0,0,0,0,0
1,0,0,1,1,1,0,0,0,0,0,0,0,0,0,0,0,0,0,0
1,0,1,1,0,0,0,1,0,0,0,0,0,0,0,0,0,0,0,0
2,0,0,0,0,1,0,1,0,0,0,0,0,0,0,0,0,0,0,0
0,1,0,0,0,1,0,0,0,1,0,0,0,0,0,0,0,0,0,0
0,1,0,0,1,0,0,0,0,0,1,0,0,0,0,0,0,0,0,0
0,0,0,0,1,0,0,0,0,0,0,0,0,0,1,0,0,0,0,0
3,0,3,0,0,0,0,0,0,0,0,0,0,0,0,0,0,0,0,0
0,3,1,0,1,0,0,0,0,0,0,0,0,0,0,0,0,0,0,0
0,1,0,1,2,0,0,0,0,0,0,0,0,0,0,0,0,0,0,0
1,0,1,0,1,0,1,0,0,0,0,0,0,0,0,0,0,0,0,0
1,1,0,0,1,0,0,1,0,0,0,0,0,0,0,0,0,0,0,0
0,0,0,0,0,1,0,0,0,0,0,0,0,1,0,0,0,0,0,0
0,2,0,0,0,2,0,0,0,0,0,0,0,0,0,0,0,0,0,0
1,0,2,0,0,0,0,0,1,0,0,0,0,0,0,0,0,0,0,0
0,0,0,1,0,1,0,1,0,0,0,0,0,0,0,0,0,0,0,0
0,0,2,0,0,0,0,0,0,0,0,1,0,0,0,0,0,0,0,0
1,0,3,1,0,0,0,0,0,0,0,0,0,0,0,0,0,0,0,0
2,0,2,0,0,1,0,0,0,0,0,0,0,0,0,0,0,0,0,0
0,0,0,0,1,1,1,0,0,0,0,0,0,0,0,0,0,0,0,0
0,0,1,0,0,0,1,1,0,0,0,0,0,0,0,0,0,0,0,0
0,1,0,0,0,0,0,2,0,0,0,0,0,0,0,0,0,0,0,0
1,1,2,0,1,0,0,0,0,0,0,0,0,0,0,0,0,0,0,0
0,0,1,0,0,1,0,0,1,0,0,0,0,0,0,0,0,0,0,0
0,0,1,0,1,0,0,0,0,1,0,0,0,0,0,0,0,0,0,0
0,0,1,0,0,0,0,0,0,0,0,0,0,0,0,0,1,0,0,0
0,0,2,1,0,1,0,0,0,0,0,0,0,0,0,0,0,0,0,0
1,0,0,0,3,0,0,0,0,0,0,0,0,0,0,0,0,0,0,0
1,0,1,0,0,2,0,0,0,0,0,0,0,0,0,0,0,0,0,0
0,0,3,0,0,0,1,0,0,0,0,0,0,0,0,0,0,0,0,0
0,1,1,0,1,1,0,0,0,0,0,0,0,0,0,0,0,0,0,0
0,1,2,0,0,0,0,1,0,0,0,0,0,0,0,0,0,0,0,0
0,0,0,0,0,3,0,0,0,0,0,0,0,0,0,0,0,0,0,0
0,0,0,0,2,0,0,1,0,0,0,0,0,0,0,0,0,0,0,0
0,1,4,0,0,0,0,0,0,0,0,0,0,0,0,0,0,0,0,0
0,0,2,0,2,0,0,0,0,0,0,0,0,0,0,0,0,0,0,0
5,2,0,0,0,0,0,0,0,0,0,0,0,0,0,0,0,0,0,0
3,2,0,1,0,0,0,0,0,0,0,0,0,0,0,0,0,0,0,0
6,0,1,0,0,0,0,0,0,0,0,0,0,0,0,0,0,0,0,0
1,2,0,2,0,0,0,0,0,0,0,0,0,0,0,0,0,0,0,0
4,0,0,0,0,0,0,0,1,0,0,0,0,0,0,0,0,0,0,0
3,0,0,0,0,0,0,0,0,0,0,1,0,0,0,0,0,0,0,0
1,5,0,0,0,0,0,0,0,0,0,0,0,0,0,0,0,0,0,0
4,0,1,1,0,0,0,0,0,0,0,0,0,0,0,0,0,0,0,0
5,0,0,0,0,1,0,0,0,0,0,0,0,0,0,0,0,0,0,0
2,2,0,0,0,0,1,0,0,0,0,0,0,0,0,0,0,0,0,0
4,1,0,0,1,0,0,0,0,0,0,0,0,0,0,0,0,0,0,0
2,0,0,1,0,0,0,0,1,0,0,0,0,0,0,0,0,0,0,0
1,0,0,1,0,0,0,0,0,0,0,1,0,0,0,0,0,0,0,0
2,0,1,2,0,0,0,0,0,0,0,0,0,0,0,0,0,0,0,0
3,0,0,1,0,1,0,0,0,0,0,0,0,0,0,0,0,0,0,0
0,2,0,1,0,0,1,0,0,0,0,0,0,0,0,0,0,0,0,0
2,1,0,0,0,0,0,0,0,0,1,0,0,0,0,0,0,0,0,0
0,2,0,0,0,0,0,0,0,0,0,0,1,0,0,0,0,0,0,0
2,0,0,0,0,0,0,0,0,0,0,0,0,0,1,0,0,0,0,0
2,3,1,0,0,0,0,0,0,0,0,0,0,0,0,0,0,0,0,0
2,1,0,1,1,0,0,0,0,0,0,0,0,0,0,0,0,0,0,0
3,0,1,0,0,0,1,0,0,0,0,0,0,0,0,0,0,0,0,0
3,1,0,0,0,0,0,1,0,0,0,0,0,0,0,0,0,0,0,0
1,2,0,0,0,0,0,0,0,1,0,0,0,0,0,0,0,0,0,0
0,0,0,2,0,0,0,0,1,0,0,0,0,0,0,0,0,0,0,0
0,0,1,3,0,0,0,0,0,0,0,0,0,0,0,0,0,0,0,0
0,3,0,0,0,0,0,0,1,0,0,0,0,0,0,0,0,0,0,0
1,0,0,2,0,1,0,0,0,0,0,0,0,0,0,0,0,0,0,0
0,1,0,1,0,0,0,0,0,0,1,0,0,0,0,0,0,0,0,0
1,0,0,0,0,0,1,0,1,0,0,0,0,0,0,0,0,0,0,0
1,1,0,0,0,0,0,0,0,0,0,0,0,1,0,0,0,0,0,0
0,0,0,0,0,0,1,0,0,0,0,1,0,0,0,0,0,0,0,0
0,0,0,1,0,0,0,0,0,0,0,0,0,0,1,0,0,0,0,0
0,3,1,1,0,0,0,0,0,0,0,0,0,0,0,0,0,0,0,0
1,3,0,0,0,1,0,0,0,0,0,0,0,0,0,0,0,0,0,0
0,1,0,2,1,0,0,0,0,0,0,0,0,0,0,0,0,0,0,0
1,0,1,1,0,0,1,0,0,0,0,0,0,0,0,0,0,0,0,0
1,1,0,1,0,0,0,1,0,0,0,0,0,0,0,0,0,0,0,0
2,0,0,0,0,1,1,0,0,0,0,0,0,0,0,0,0,0,0,0
1,0,1,0,0,0,0,0,0,0,0,0,1,0,0,0,0,0,0,0
1,0,0,0,0,0,0,0,0,0,0,0,0,0,0,0,0,1,0,0
3,1,2,0,0,0,0,0,0,0,0,0,0,0,0,0,0,0,0,0
0,4,0,0,1,0,0,0,0,0,0,0,0,0,0,0,0,0,0,0
1,1,0,0,1,0,1,0,0,0,0,0,0,0,0,0,0,0,0,0
2,0,1,0,0,0,0,0,0,1,0,0,0,0,0,0,0,0,0,0
3,0,0,0,2,0,0,0,0,0,0,0,0,0,0,0,0,0,0,0
1,1,1,0,0,0,0,0,1,0,0,0,0,0,0,0,0,0,0,0
0,0,0,1,0,1,1,0,0,0,0,0,0,0,0,0,0,0,0,0
0,1,1,0,0,0,0,0,0,0,0,1,0,0,0,0,0,0,0,0
0,0,0,0,0,0,0,0,1,1,0,0,0,0,0,0,0,0,0,0
0,0,0,0,0,1,0,0,0,0,0,0,1,0,0,0,0,0,0,0
1,1,2,1,0,0,0,0,0,0,0,0,0,0,0,0,0,0,0,0
2,1,1,0,0,1,0,0,0,0,0,0,0,0,0,0,0,0,0,0
0,0,1,0,0,0,2,0,0,0,0,0,0,0,0,0,0,0,0,0
0,0,1,1,0,0,0,0,0,1,0,0,0,0,0,0,0,0,0,0
0,1,0,0,0,0,1,1,0,0,0,0,0,0,0,0,0,0,0,0
1,0,0,0,0,1,0,0,0,1,0,0,0,0,0,0,0,0,0,0
1,0,0,0,1,0,0,0,0,0,1,0,0,0,0,0,0,0,0,0
1,2,1,0,1,0,0,0,0,0,0,0,0,0,0,0,0,0,0,0
1,0,0,1,2,0,0,0,0,0,0,0,0,0,0,0,0,0,0,0
2,0,0,0,1,0,0,1,0,0,0,0,0,0,0,0,0,0,0,0
0,1,0,0,0,1,0,0,1,0,0,0,0,0,0,0,0,0,0,0
0,1,0,0,1,0,0,0,0,1,0,0,0,0,0,0,0,0,0,0
0,1,0,0,0,0,0,0,0,0,0,0,0,0,0,0,1,0,0,0
0,1,1,1,0,1,0,0,0,0,0,0,0,0,0,0,0,0,0,0
1,1,0,0,0,2,0,0,0,0,0,0,0,0,0,0,0,0,0,0
0,0,0,0,0,0,0,1,0,0,1,0,0,0,0,0,0,0,0,0
0,0,0,0,1,0,0,0,0,0,0,0,0,1,0,0,0,0,0,0
0,1,2,0,0,0,1,0,0,0,0,0,0,0,0,0,0,0,0,0
0,2,0,0,1,1,0,0,0,0,0,0,0,0,0,0,0,0,0,0
0,2,1,0,0,0,0,1,0,0,0,0,0,0,0,0,0,0,0,0
0,0,0,1,1,0,0,1,0,0,0,0,0,0,0,0,0,0,0,0
1,0,0,0,0,0,0,2,0,0,0,0,0,0,0,0,0,0,0,0
0,0,1,0,0,0,0,0,0,0,0,0,0,0,0,1,0,0,0,0
2,0,2,0,1,0,0,0,0,0,0,0,0,0,0,0,0,0,0,0
0,0,0,0,2,0,1,0,0,0,0,0,0,0,0,0,0,0,0,0
0,0,1,0,1,0,0,0,1,0,0,0,0,0,0,0,0,0,0,0
0,0,2,0,0,0,0,0,0,0,1,0,0,0,0,0,0,0,0,0
0,2,3,0,0,0,0,0,0,0,0,0,0,0,0,0,0,0,0,0
0,0,2,1,1,0,0,0,0,0,0,0,0,0,0,0,0,0,0,0
1,0,1,0,1,1,0,0,0,0,0,0,0,0,0,0,0,0,0,0
1,0,2,0,0,0,0,1,0,0,0,0,0,0,0,0,0,0,0,0
0,1,1,0,2,0,0,0,0,0,0,0,0,0,0,0,0,0,0,0
0,0,0,0,1,2,0,0,0,0,0,0,0,0,0,0,0,0,0,0
0,0,1,0,0,1,0,1,0,0,0,0,0,0,0,0,0,0,0,0
1,0,4,0,0,0,0,0,0,0,0,0,0,0,0,0,0,0,0,0
0,0,3,0,0,1,0,0,0,0,0,0,0,0,0,0,0,0,0,0
6,1,0,0,0,0,0,0,0,0,0,0,0,0,0,0,0,0,0,0
4,1,0,1,0,0,0,0,0,0,0,0,0,0,0,0,0,0,0,0
2,1,0,2,0,0,0,0,0,0,0,0,0,0,0,0,0,0,0,0
2,4,0,0,0,0,0,0,0,0,0,0,0,0,0,0,0,0,0,0
3,1,0,0,0,0,1,0,0,0,0,0,0,0,0,0,0,0,0,0
5,0,0,0,1,0,0,0,0,0,0,0,0,0,0,0,0,0,0,0
0,1,0,3,0,0,0,0,0,0,0,0,0,0,0,0,0,0,0,0
0,4,0,1,0,0,0,0,0,0,0,0,0,0,0,0,0,0,0,0
1,1,0,1,0,0,1,0,0,0,0,0,0,0,0,0,0,0,0,0
3,0,0,0,0,0,0,0,0,0,1,0,0,0,0,0,0,0,0,0
1,1,0,0,0,0,0,0,0,0,0,0,1,0,0,0,0,0,0,0
3,2,1,0,0,0,0,0,0,0,0,0,0,0,0,0,0,0,0,0
3,0,0,1,1,0,0,0,0,0,0,0,0,0,0,0,0,0,0,0
4,0,0,0,0,0,0,1,0,0,0,0,0,0,0,0,0,0,0,0
2,1,0,0,0,0,0,0,0,1,0,0,0,0,0,0,0,0,0,0
1,2,0,0,0,0,0,0,1,0,0,0,0,0,0,0,0,0,0,0
0,2,0,0,0,0,0,0,0,0,0,1,0,0,0,0,0,0,0,0
1,0,0,1,0,0,0,0,0,0,1,0,0,0,0,0,0,0,0,0
2,0,0,0,0,0,0,0,0,0,0,0,0,1,0,0,0,0,0,0
1,2,1,1,0,0,0,0,0,0,0,0,0,0,0,0,0,0,0,0
2,2,0,0,0,1,0,0,0,0,0,0,0,0,0,0,0,0,0,0
1,0,0,2,1,0,0,0,0,0,0,0,0,0,0,0,0,0,0,0
2,0,0,1,0,0,0,1,0,0,0,0,0,0,0,0,0,0,0,0
0,1,0,0,0,0,2,0,0,0,0,0,0,0,0,0,0,0,0,0
0,1,0,1,0,0,0,0,0,1,0,0,0,0,0,0,0,0,0,0
4,0,2,0,0,0,0,0,0,0,0,0,0,0,0,0,0,0,0,0
1,3,0,0,1,0,0,0,0,0,0,0,0,0,0,0,0,0,0,0
2,0,0,0,1,0,1,0,0,0,0,0,0,0,0,0,0,0,0,0
0,0,0,1,0,0,0,0,0,0,0,0,0,1,0,0,0,0,0,0
0,2,0,1,0,1,0,0,0,0,0,0,0,0,0,0,0,0,0,0
2,0,1,0,0,0,0,0,1,0,0,0,0,0,0,0,0,0,0,0
0,0,0,2,0,0,0,1,0,0,0,0,0,0,0,0,0,0,0,0
1,0,1,0,0,0,0,0,0,0,0,1,0,0,0,0,0,0,0,0
0,0,0,0,0,0,1,0,0,0,1,0,0,0,0,0,0,0,0,0
2,0,2,1,0,0,0,0,0,0,0,0,0,0,0,0,0,0,0,0
3,0,1,0,0,1,0,0,0,0,0,0,0,0,0,0,0,0,0,0
0,2,1,0,0,0,1,0,0,0,0,0,0,0,0,0,0,0,0,0
0,3,0,0,0,0,0,1,0,0,0,0,0,0,0,0,0,0,0,0
0,0,0,1,1,0,1,0,0,0,0,0,0,0,0,0,0,0,0,0
1,0,0,0,0,0,1,1,0,0,0,0,0,0,0,0,0,0,0,0
0,0,0,0,0,0,0,0,2,0,0,0,0,0,0,0,0,0,0,0
0,0,0,0,1,0,0,0,0,0,0,0,1,0,0,0,0,0,0,0
0,1,0,0,0,0,0,0,0,0,0,0,0,0,0,1,0,0,0,0
2,1,1,0,1,0,0,0,0,0,0,0,0,0,0,0,0,0,0,0
0,0,1,1,0,0,0,0,1,0,0,0,0,0,0,0,0,0,0,0
1,0,0,0,0,1,0,0,1,0,0,0,0,0,0,0,0,0,0,0
1,0,0,0,1,0,0,0,0,1,0,0,0,0,0,0,0,0,0,0
0,0,0,0,0,1,0,0,0,0,0,1,0,0,0,0,0,0,0,0
1,0,0,0,0,0,0,0,0,0,0,0,0,0,0,0,1,0,0,0
0,0,2,2,0,0,0,0,0,0,0,0,0,0,0,0,0,0,0,0
1,0,1,1,0,1,0,0,0,0,0,0,0,0,0,0,0,0,0,0
2,0,0,0,0,2,0,0,0,0,0,0,0,0,0,0,0,0,0,0
0,1,0,0,1,0,0,0,1,0,0,0,0,0,0,0,0,0,0,0
0,1,1,0,0,0,0,0,0,0,1,0,0,0,0,0,0,0,0,0
0,0,1,0,0,0,0,0,0,0,0,0,0,0,1,0,0,0,0,0
0,0,0,0,0,0,0,0,0,0,0,0,0,0,0,0,0,0,0,1
0,3,2,0,0,0,0,0,0,0,0,0,0,0,0,0,0,0,0,0
0,1,1,1,1,0,0,0,0,0,0,0,0,0,0,0,0,0,0,0
1,0,2,0,0,0,1,0,0,0,0,0,0,0,0,0,0,0,0,0
1,1,0,0,1,1,0,0,0,0,0,0,0,0,0,0,0,0,0,0
1,1,1,0,0,0,0,1,0,0,0,0,0,0,0,0,0,0,0,0
0,0,0,0,0,0,0,1,0,1,0,0,0,0,0,0,0,0,0,0
0,2,0,0,2,0,0,0,0,0,0,0,0,0,0,0,0,0,0,0
0,0,0,1,0,2,0,0,0,0,0,0,0,0,0,0,0,0,0,0
0,0,1,0,0,1,1,0,0,0,0,0,0,0,0,0,0,0,0,0
0,1,0,0,0,1,0,1,0,0,0,0,0,0,0,0,0,0,0,0
1,1,3,0,0,0,0,0,0,0,0,0,0,0,0,0,0,0,0,0
0,0,2,0,0,0,0,0,0,1,0,0,0,0,0,0,0,0,0,0
1,0,1,0,2,0,0,0,0,0,0,0,0,0,0,0,0,0,0,0
0,1,2,0,0,1,0,0,0,0,0,0,0,0,0,0,0,0,0,0
0,0,0,0,2,1,0,0,0,0,0,0,0,0,0,0,0,0,0,0
0,0,1,0,1,0,0,1,0,0,0,0,0,0,0,0,0,0,0,0
0,0,3,0,1,0,0,0,0,0,0,0,0,0,0,0,0,0,0,0
7,0,0,0,0,0,0,0,0,0,0,0,0,0,0,0,0,0,0,0
5,0,0,1,0,0,0,0,0,0,0,0,0,0,0,0,0,0,0,0
3,0,0,2,0,0,0,0,0,0,0,0,0,0,0,0,0,0,0,0
3,3,0,0,0,0,0,0,0,0,0,0,0,0,0,0,0,0,0,0
4,0,0,0,0,0,1,0,0,0,0,0,0,0,0,0,0,0,0,0
1,0,0,3,0,0,0,0,0,0,0,0,0,0,0,0,0,0,0,0
1,3,0,1,0,0,0,0,0,0,0,0,0,0,0,0,0,0,0,0
2,0,0,1,0,0,1,0,0,0,0,0,0,0,0,0,0,0,0,0
2,0,0,0,0,0,0,0,0,0,0,0,1,0,0,0,0,0,0,0
4,1,1,0,0,0,0,0,0,0,0,0,0,0,0,0,0,0,0,0
3,0,0,0,0,0,0,0,0,1,0,0,0,0,0,0,0,0,0,0
2,1,0,0,0,0,0,0,1,0,0,0,0,0,0,0,0,0,0,0
0,0,0,2,0,0,1,0,0,0,0,0,0,0,0,0,0,0,0,0
1,1,0,0,0,0,0,0,0,0,0,1,0,0,0,0,0,0,0,0
0,0,0,1,0,0,0,0,0,0,0,0,1,0,0,0,0,0,0,0
2,1,1,1,0,0,0,0,0,0,0,0,0,0,0,0,0,0,0,0
3,1,0,0,0,1,0,0,0,0,0,0,0,0,0,0,0,0,0,0
0,3,0,0,0,0,1,0,0,0,0,0,0,0,0,0,0,0,0,0
1,0,0,0,0,0,2,0,0,0,0,0,0,0,0,0,0,0,0,0
1,0,0,1,0,0,0,0,0,1,0,0,0,0,0,0,0,0,0,0
2,2,0,0,1,0,0,0,0,0,0,0,0,0,0,0,0,0,0,0
0,1,0,1,0,0,0,0,1,0,0,0,0,0,0,0,0,0,0,0
0,1,1,2,0,0,0,0,0,0,0,0,0,0,0,0,0,0,0,0
1,1,0,1,0,1,0,0,0,0,0,0,0,0,0,0,0,0,0,0
0,2,0,0,0,0,0,0,0,0,1,0,0,0,0,0,0,0,0,0
0,1,0,0,0,0,0,0,0,0,0,0,0,0,1,0,0,0,0,0
0,4,1,0,0,0,0,0,0,0,0,0,0,0,0,0,0,0,0,0
0,2,0,1,1,0,0,0,0,0,0,0,0,0,0,0,0,0,0,0
1,1,1,0,0,0,1,0,0,0,0,0,0,0,0,0,0,0,0,0
1,2,0,0,0,0,0,1,0,0,0,0,0,0,0,0,0,0,0,0
0,0,0,0,0,0,1,0,0,1,0,0,0,0,0,0,0,0,0,0
1,0,0,0,0,0,0,0,0,0,0,0,0,0,0,1,0,0,0,0
0,0,0,0,0,0,0,0,0,0,0,0,0,0,0,0,0,0,1,0
3,0,1,0,1,0,0,0,0,0,0,0,0,0,0,0,0,0,0,0
0,1,0,0,0,1,1,0,0,0,0,0,0,0,0,0,0,0,0,0
1,0,0,0,1,0,0,0,1,0,0,0,0,0,0,0,0,0,0,0
1,0,1,0,0,0,0,0,0,0,1,0,0,0,0,0,0,0,0,0
0,0,0,0,1,0,0,0,0,0,0,1,0,0,0,0,0,0,0,0
1,2,2,0,0,0,0,0,0,0,0,0,0,0,0,0,0,0,0,0
1,0,1,1,1,0,0,0,0,0,0,0,0,0,0,0,0,0,0,0
2,0,0,0,1,1,0,0,0,0,0,0,0,0,0,0,0,0,0,0
2,0,1,0,0,0,0,1,0,0,0,0,0,0,0,0,0,0,0,0
0,1,1,0,0,0,0,0,0,1,0,0,0,0,0,0,0,0,0,0
1,1,0,0,2,0,0,0,0,0,0,0,0,0,0,0,0,0,0,0
0,0,0,0,0,0,0,1,1,0,0,0,0,0,0,0,0,0,0,0
0,0,0,0,0,1,0,0,0,0,1,0,0,0,0,0,0,0,0,0
0,0,1,0,0,0,0,0,0,0,0,0,0,1,0,0,0,0,0,0
0,2,1,0,0,1,0,0,0,0,0,0,0,0,0,0,0,0,0,0
0,0,0,1,1,1,0,0,0,0,0,0,0,0,0,0,0,0,0,0
0,0,1,1,0,0,0,1,0,0,0,0,0,0,0,0,0,0,0,0
1,0,0,0,0,1,0,1,0,0,0,0,0,0,0,0,0,0,0,0
2,0,3,0,0,0,0,0,0,0,0,0,0,0,0,0,0,0,0,0
0,0,1,0,1,0,1,0,0,0,0,0,0,0,0,0,0,0,0,0
0,1,0,0,1,0,0,1,0,0,0,0,0,0,0,0,0,0,0,0
0,0,2,0,0,0,0,0,1,0,0,0,0,0,0,0,0,0,0,0
0,0,3,1,0,0,0,0,0,0,0,0,0,0,0,0,0,0,0,0
1,0,2,0,0,1,0,0,0,0,0,0,0,0,0,0,0,0,0,0
0,1,2,0,1,0,0,0,0,0,0,0,0,0,0,0,0,0,0,0
0,0,0,0,3,0,0,0,0,0,0,0,0,0,0,0,0,0,0,0
0,0,1,0,0,2,0,0,0,0,0,0,0,0,0,0,0,0,0,0
4,2,0,0,0,0,0,0,0,0,0,0,0,0,0,0,0,0,0,0
2,2,0,1,0,0,0,0,0,0,0,0,0,0,0,0,0,0,0,0
5,0,1,0,0,0,0,0,0,0,0,0,0,0,0,0,0,0,0,0
0,2,0,2,0,0,0,0,0,0,0,0,0,0,0,0,0,0,0,0
3,0,0,0,0,0,0,0,1,0,0,0,0,0,0,0,0,0,0,0
2,0,0,0,0,0,0,0,0,0,0,1,0,0,0,0,0,0,0,0
0,5,0,0,0,0,0,0,0,0,0,0,0,0,0,0,0,0,0,0
3,0,1,1,0,0,0,0,0,0,0,0,0,0,0,0,0,0,0,0
4,0,0,0,0,1,0,0,0,0,0,0,0,0,0,0,0,0,0,0
1,2,0,0,0,0,1,0,0,0,0,0,0,0,0,0,0,0,0,0
3,1,0,0,1,0,0,0,0,0,0,0,0,0,0,0,0,0,0,0
1,0,0,1,0,0,0,0,1,0,0,0,0,0,0,0,0,0,0,0
0,0,0,1,0,0,0,0,0,0,0,1,0,0,0,0,0,0,0,0
1,0,1,2,0,0,0,0,0,0,0,0,0,0,0,0,0,0,0,0
2,0,0,1,0,1,0,0,0,0,0,0,0,0,0,0,0,0,0,0
1,1,0,0,0,0,0,0,0,0,1,0,0,0,0,0,0,0,0,0
1,0,0,0,0,0,0,0,0,0,0,0,0,0,1,0,0,0,0,0
1,3,1,0,0,0,0,0,0,0,0,0,0,0,0,0,0,0,0,0
1,1,0,1,1,0,0,0,0,0,0,0,0,0,0,0,0,0,0,0
2,0,1,0,0,0,1,0,0,0,0,0,0,0,0,0,0,0,0,0
2,1,0,0,0,0,0,1,0,0,0,0,0,0,0,0,0,0,0,0
0,2,0,0,0,0,0,0,0,1,0,0,0,0,0,0,0,0,0,0
0,0,0,2,0,1,0,0,0,0,0,0,0,0,0,0,0,0,0,0
0,0,0,0,0,0,1,0,1,0,0,0,0,0,0,0,0,0,0,0
0,1,0,0,0,0,0,0,0,0,0,0,0,1,0,0,0,0,0,0
0,3,0,0,0,1,0,0,0,0,0,0,0,0,0,0,0,0,0,0
0,0,1,1,0,0,1,0,0,0,0,0,0,0,0,0,0,0,0,0
0,1,0,1,0,0,0,1,0,0,0,0,0,0,0,0,0,0,0,0
1,0,0,0,0,1,1,0,0,0,0,0,0,0,0,0,0,0,0,0
0,0,1,0,0,0,0,0,0,0,0,0,1,0,0,0,0,0,0,0
0,0,0,0,0,0,0,0,0,0,0,0,0,0,0,0,0,1,0,0
2,1,2,0,0,0,0,0,0,0,0,0,0,0,0,0,0,0,0,0
0,1,0,0,1,0,1,0,0,0,0,0,0,0,0,0,0,0,0,0
1,0,1,0,0,0,0,0,0,1,0,0,0,0,0,0,0,0,0,0
2,0,0,0,2,0,0,0,0,0,0,0,0,0,0,0,0,0,0,0
0,1,1,0,0,0,0,0,1,0,0,0,0,0,0,0,0,0,0,0
0,1,2,1,0,0,0,0,0,0,0,0,0,0,0,0,0,0,0,0
1,1,1,0,0,1,0,0,0,0,0,0,0,0,0,0,0,0,0,0
0,0,0,0,0,1,0,0,0,1,0,0,0,0,0,0,0,0,0,0
0,0,0,0,1,0,0,0,0,0,1,0,0,0,0,0,0,0,0,0
0,2,1,0,1,0,0,0,0,0,0,0,0,0,0,0,0,0,0,0
0,0,0,1,2,0,0,0,0,0,0,0,0,0,0,0,0,0,0,0
1,0,0,0,1,0,0,1,0,0,0,0,0,0,0,0,0,0,0,0
0,1,0,0,0,2,0,0,0,0,0,0,0,0,0,0,0,0,0,0
0,0,0,0,0,0,0,2,0,0,0,0,0,0,0,0,0,0,0,0
1,0,2,0,1,0,0,0,0,0,0,0,0,0,0,0,0,0,0,0
0,0,1,0,1,1,0,0,0,0,0,0,0,0,0,0,0,0,0,0
0,0,2,0,0,0,0,1,0,0,0,0,0,0,0,0,0,0,0,0
0,0,4,0,0,0,0,0,0,0,0,0,0,0,0,0,0,0,0,0
5,1,0,0,0,0,0,0,0,0,0,0,0,0,0,0,0,0,0,0
3,1,0,1,0,0,0,0,0,0,0,0,0,0,0,0,0,0,0,0
1,1,0,2,0,0,0,0,0,0,0,0,0,0,0,0,0,0,0,0
1,4,0,0,0,0,0,0,0,0,0,0,0,0,0,0,0,0,0,0
2,1,0,0,0,0,1,0,0,0,0,0,0,0,0,0,0,0,0,0
4,0,0,0,1,0,0,0,0,0,0,0,0,0,0,0,0,0,0,0
0,1,0,1,0,0,1,0,0,0,0,0,0,0,0,0,0,0,0,0
2,0,0,0,0,0,0,0,0,0,1,0,0,0,0,0,0,0,0,0
0,1,0,0,0,0,0,0,0,0,0,0,1,0,0,0,0,0,0,0
2,2,1,0,0,0,0,0,0,0,0,0,0,0,0,0,0,0,0,0
2,0,0,1,1,0,0,0,0,0,0,0,0,0,0,0,0,0,0,0
3,0,0,0,0,0,0,1,0,0,0,0,0,0,0,0,0,0,0,0
1,1,0,0,0,0,0,0,0,1,0,0,0,0,0,0,0,0,0,0
0,2,0,0,0,0,0,0,1,0,0,0,0,0,0,0,0,0,0,0
0,0,0,1,0,0,0,0,0,0,1,0,0,0,0,0,0,0,0,0
1,0,0,0,0,0,0,0,0,0,0,0,0,1,0,0,0,0,0,0
0,2,1,1,0,0,0,0,0,0,0,0,0,0,0,0,0,0,0,0
1,2,0,0,0,1,0,0,0,0,0,0,0,0,0,0,0,0,0,0
0,0,0,2,1,0,0,0,0,0,0,0,0,0,0,0,0,0,0,0
1,0,0,1,0,0,0,1,0,0,0,0,0,0,0,0,0,0,0,0
3,0,2,0,0,0,0,0,0,0,0,0,0,0,0,0,0,0,0,0
0,3,0,0,1,0,0,0,0,0,0,0,0,0,0,0,0,0,0,0
1,0,0,0,1,0,1,0,0,0,0,0,0,0,0,0,0,0,0,0
1,0,1,0,0,0,0,0,1,0,0,0,0,0,0,0,0,0,0,0
0,0,1,0,0,0,0,0,0,0,0,1,0,0,0,0,0,0,0,0
1,0,2,1,0,0,0,0,0,0,0,0,0,0,0,0,0,0,0,0
2,0,1,0,0,1,0,0,0,0,0,0,0,0,0,0,0,0,0,0
0,0,0,0,0,0,1,1,0,0,0,0,0,0,0,0,0,0,0,0
1,1,1,0,1,0,0,0,0,0,0,0,0,0,0,0,0,0,0,0
0,0,0,0,0,1,0,0,1,0,0,0,0,0,0,0,0,0,0,0
0,0,0,0,1,0,0,0,0,1,0,0,0,0,0,0,0,0,0,0
0,0,0,0,0,0,0,0,0,0,0,0,0,0,0,0,1,0,0,0
0,0,1,1,0,1,0,0,0,0,0,0,0,0,0,0,0,0,0,0
1,0,0,0,0,2,0,0,0,0,0,0,0,0,0,0,0,0,0,0
0,0,2,0,0,0,1,0,0,0,0,0,0,0,0,0,0,0,0,0
0,1,0,0,1,1,0,0,0,0,0,0,0,0,0,0,0,0,0,0
0,1,1,0,0,0,0,1,0,0,0,0,0,0,0,0,0,0,0,0
0,1,3,0,0,0,0,0,0,0,0,0,0,0,0,0,0,0,0,0
0,0,1,0,2,0,0,0,0,0,0,0,0,0,0,0,0,0,0,0
6,0,0,0,0,0,0,0,0,0,0,0,0,0,0,0,0,0,0,0
4,0,0,1,0,0,0,0,0,0,0,0,0,0,0,0,0,0,0,0
2,0,0,2,0,0,0,0,0,0,0,0,0,0,0,0,0,0,0,0
2,3,0,0,0,0,0,0,0,0,0,0,0,0,0,0,0,0,0,0
3,0,0,0,0,0,1,0,0,0,0,0,0,0,0,0,0,0,0,0
0,0,0,3,0,0,0,0,0,0,0,0,0,0,0,0,0,0,0,0
0,3,0,1,0,0,0,0,0,0,0,0,0,0,0,0,0,0,0,0
1,0,0,1,0,0,1,0,0,0,0,0,0,0,0,0,0,0,0,0
1,0,0,0,0,0,0,0,0,0,0,0,1,0,0,0,0,0,0,0
3,1,1,0,0,0,0,0,0,0,0,0,0,0,0,0,0,0,0,0
2,0,0,0,0,0,0,0,0,1,0,0,0,0,0,0,0,0,0,0
1,1,0,0,0,0,0,0,1,0,0,0,0,0,0,0,0,0,0,0
0,1,0,0,0,0,0,0,0,0,0,1,0,0,0,0,0,0,0,0
1,1,1,1,0,0,0,0,0,0,0,0,0,0,0,0,0,0,0,0
2,1,0,0,0,1,0,0,0,0,0,0,0,0,0,0,0,0,0,0
0,0,0,0,0,0,2,0,0,0,0,0,0,0,0,0,0,0,0,0
0,0,0,1,0,0,0,0,0,1,0,0,0,0,0,0,0,0,0,0
1,2,0,0,1,0,0,0,0,0,0,0,0,0,0,0,0,0,0,0
