RunSeed,Dia,Demanda_200mm,Demanda_430mm,Demanda_670mm,Demanda_790mm,Demanda_990mm,RL_Patterns,Estoque_200mm,Estoque_430mm,Estoque_670mm,Estoque_790mm,Estoque_990mm,RL_DailyCost,RL_CumCost,RL_DemandMet,MILP_Patterns,Estoque_200mm,Estoque_430mm,Estoque_670mm,Estoque_790mm,Estoque_990mm,MILP_DailyCost,MILP_CumCost,MILP_DemandMet
1234,1,5,48,4,13,14,p1:16; p2:8; p5:23,5,0,0,0,3,74757.90,74757.90,N,p1:14; p2:10; p3:4; p5:22,51,0,0,0,0,79254.00,79254.00,N
1234,2,58,4,16,26,4,p1:7; p2:26; p3:16,60,0,0,0,0,4720.00,79477.90,Y,p1:4; p2:26; p3:16,49,12,0,0,0,4847.20,84101.20,Y
1234,3,5,20,16,15,17,p1:9; p2:20; p3:8,0,11,0,0,0,5111.10,84589.00,Y,p1:17; p2:15; p3:16,91,8,0,0,0,5354.80,89456.00,Y
1234,4,148,5,6,8,6,p1:26; p2:22; p3:1,0,0,0,0,19,2676.70,87265.70,Y,p0:6; p1:6; p2:8; p3:6,1,9,0,0,0,1764.90,91220.90,Y
1234,5,72,15,8,22,4,p1:23; p2:12; p3:10; p4:3; p10:1,0,0,0,7,30,7246.10,94511.80,Y,p0:4; p1:4; p2:22; p3:8,1,2,0,0,0,2194.20,93415.10,Y
1234,6,26,48,21,2,7,p2:5; p3:15; p5:20; p10:9,0,20,0,3,24,12491.10,107002.90,Y,p0:1; p1:7; p2:2; p3:22; p5:12,4,0,1,0,0,8042.90,101458.00,Y
1234,7,41,4,37,9,6,p0:3; p1:4; p2:4; p4:7; p10:7; p15:10; p17:6,40,6,0,20,19,106283.30,213286.20,N,p1:6; p2:9; p3:28; p4:7,1,24,0,0,0,28556.40,130014.40,N
1234,8,30,14,18,19,9,p1:8; p3:8; p4:11; p5:9; p10:13,9,3,18,5,22,12081.60,225367.80,Y,p1:9; p2:19; p3:18,18,28,0,0,0,5254.80,135269.20,Y
1234,9,61,34,6,15,5,p1:25; p2:16,9,0,18,11,34,4754.70,230122.50,Y,p0:2; p1:5; p2:15; p3:6,4,0,0,0,0,1656.00,136925.20,Y
1234,10,57,36,0,10,13,p1:7; p2:6; p3:6; p5:12; p13:11; p17:7,36,0,9,26,31,48412.20,278534.70,N,p0:1; p1:13; p2:10; p5:18,4,0,0,0,0,5556.00,142481.20,Y
1234,11,49,26,15,17,3,p1:1; p2:4; p3:4; p5:8; p13:32,33,0,0,63,26,86947.70,365482.40,N,p0:1; p1:3; p2:17; p3:16; p5:5,3,0,1,0,0,5088.90,147570.10,Y
1234,12,86,17,26,0,6,p0:1; p1:34; p3:12,76,0,0,50,60,95727.00,461209.40,N,p0:13; p1:6; p3:25,1,8,0,0,0,5374.80,152944.90,Y
1234,13,0,23,37,13,3,p0:1; p1:9; p3:35; p10:4,23,5,9,34,48,15541.20,476750.60,Y,p1:3; p2:13; p3:34,30,19,0,0,0,68411.90,221356.80,N
1234,14,61,19,1,16,14,p1:38,7,0,0,30,72,7506.60,484257.20,Y,p1:14; p2:16; p3:1,15,1,0,0,0,1040.10,222396.90,Y
1234,15,54,32,11,4,14,p0:4; p2:9; p3:6; p5:10,0,0,0,20,69,22967.70,507224.90,N,p0:2; p1:14; p2:4; p3:11; p5:10,5,0,0,0,0,5430.00,227826.90,Y
1234,16,72,21,11,19,3,p0:1; p1:14; p2:4; p3:6; p5:6; p13:18,0,0,0,50,57,69135.10,576360.00,N,p0:4; p1:3; p2:19; p3:11; p5:5,3,0,0,0,0,4082.00,231908.90,Y
1234,17,78,25,5,7,12,p0:3; p1:10; p2:1; p3:6; p5:6; p6:3; p13:20,152,0,0,42,35,62396.10,638756.10,N,p0:7; p1:12; p2:7; p3:5; p5:10,3,0,0,0,0,4222.00,236130.90,Y
1234,18,64,13,1,9,22,p0:4; p1:1; p2:7; p3:7; p13:30,242,0,3,54,17,87273.00,726029.10,N,p0:3; p1:22; p2:9; p3:1; p5:6,3,0,0,0,0,2542.00,238672.90,Y
1234,19,11,9,4,26,19,p0:1; p1:45; p3:3,295,0,0,43,36,87902.70,813931.80,N,p1:19; p2:25; p3:4; p5:2,63,0,0,0,0,39722.00,278394.90,N
1234,20,4,11,12,11,26,p1:21; p2:4; p3:6; p13:18,329,0,0,60,43,77483.90,891415.70,N,p1:26; p2:11; p3:12,107,1,0,0,0,4668.10,283063.00,Y
1234,21,40,28,16,13,7,p1:27; p3:21,308,0,0,52,67,106870.70,998286.40,N,p1:7; p2:13; p3:17; p5:5,105,0,1,0,0,6716.90,289779.90,Y
1234,22,60,4,38,8,3,p3:14; p4:18,330,0,0,32,63,38335.50,1036621.90,N,p1:3; p2:8; p3:37,64,33,0,0,0,9509.30,299289.20,Y
1234,23,14,39,13,20,4,p2:4; p3:21; p5:3; p17:1,292,0,0,19,50,26823.70,1063445.60,N,p1:4; p2:20; p3:13,94,7,0,0,0,4606.70,303895.90,Y
1234,24,49,3,16,17,13,p1:12; p2:4; p3:2; p4:3; p10:8; p15:5; p17:15,322,0,0,47,41,65128.40,1128574.00,N,p1:13; p2:17; p3:16,92,20,0,0,0,5690.00,309585.90,Y
1234,25,65,20,6,16,10,p0:5; p3:11; p5:3; p13:1; p15:1,320,0,0,38,23,24515.30,1153089.30,N,p1:10; p2:16; p3:6,69,6,0,0,0,2866.60,312452.50,Y
1234,26,35,26,7,9,18,p1:1; p3:4; p5:11; p10:3,283,0,0,23,21,11029.20,1164118.50,Y,p1:18; p2:9; p3:8; p5:6,76,0,1,0,0,4930.90,317383.40,Y
1234,27,47,33,15,15,3,p1:1; p3:13; p4:1; p5:20; p9:1; p10:12; p17:1,259,6,6,10,18,16348.40,1180466.90,Y,p1:3; p2:15; p3:15; p5:9,71,0,1,0,0,6920.90,324304.30,Y
1234,28,33,19,29,13,4,p1:15; p2:7; p3:4; p4:2; p5:13; p10:8,276,9,14,0,27,12702.60,1193169.50,Y,p1:4; p2:13; p3:28,68,9,0,0,0,7162.90,331467.20,Y
1234,29,12,25,20,20,6,p1:19; p2:15,266,0,8,0,42,7689.80,1200859.30,Y,p1:6; p2:20; p3:20,102,4,0,0,0,6068.40,337535.60,Y
1234,30,59,26,6,21,4,p2:29; p3:9; p5:6,262,0,1,10,41,11169.20,1212028.50,Y,p1:4; p2:21; p3:6; p5:8,97,0,0,0,0,5298.00,342833.60,Y
1234,31,68,33,16,10,1,p2:19; p3:9; p5:10,257,0,0,19,38,12262.10,1224290.60,Y,p1:1; p2:10; p3:17; p5:8,58,0,1,0,0,6718.90,349552.50,Y
1234,32,53,27,22,10,3,p2:10; p3:20; p5:3; p10:11; p17:5,207,10,6,14,32,14912.20,1239202.80,Y,p1:3; p2:10; p3:21; p5:3,31,0,0,0,0,5734.00,355286.50,Y
1234,33,73,6,19,15,6,p1:7; p2:9; p3:3; p4:1,185,0,6,2,35,6587.50,1245790.30,Y,p0:1; p1:6; p2:15; p3:19,0,13,0,0,0,4611.30,359897.80,Y
1234,34,49,34,4,21,4,p1:8; p2:13; p3:6; p5:6; p9:1; p10:9; p17:6,211,0,3,20,22,48065.30,1293855.60,N,p1:4; p2:21; p3:5; p5:8,5,0,1,0,0,3856.90,363754.70,Y
1234,35,56,6,9,20,13,p1:16; p2:11; p3:4; p10:11; p17:7,234,1,14,7,27,11360.90,1305216.50,Y,p1:13; p2:20; p3:8,2,2,0,0,0,2348.20,366102.90,Y
1234,36,15,16,12,24,11,p1:10; p2:13; p3:4,253,0,8,0,28,7117.60,1312334.10,Y,p1:11; p2:24; p3:12; p5:1,47,0,0,0,0,4038.00,370140.90,Y
1234,37,17,31,10,20,9,p1:9; p2:4; p3:5; p5:8; p9:9; p10:14,321,0,0,20,21,75535.30,1387869.40,N,p1:9; p2:20; p3:11; p5:10,89,0,1,0,0,6872.90,377013.80,Y
1234,38,13,25,22,16,8,p3:12; p4:2; p5:20; p9:2; p10:13,215,25,12,19,15,16735.50,1404604.90,Y,p1:8; p2:16; p3:21; p5:2,118,0,0,0,0,6892.00,383905.80,Y
1234,39,110,4,25,1,6,p1:11; p2:5; p3:3,221,0,4,4,21,5878.10,1410483.00,Y,p1:6; p2:1; p3:25,16,21,0,0,0,5996.10,389901.90,Y
1234,40,15,40,11,20,5,p1:5; p2:16; p3:10; p4:1; p5:5; p10:12,245,0,15,11,10,11654.80,1422137.80,Y,p1:5; p2:20; p3:11; p5:4,50,0,0,0,0,4520.00,394421.90,Y
1234,41,13,24,18,9,16,p1:16; p2:14; p3:3; p10:15; p13:1,206,0,16,12,25,10630.50,1432768.30,Y,p1:16; p2:9; p3:18; p5:3,74,0,0,0,0,5976.00,400397.90,Y
1234,42,83,16,19,13,1,p1:21; p2:12; p3:1; p10:6; p17:9,245,0,31,0,38,11577.30,1444345.60,Y,p1:1; p2:13; p3:19,18,3,0,0,0,4422.30,404820.20,Y
1234,43,6,43,2,24,8,p1:1; p2:19; p3:4; p5:10; p10:8; p13:7,301,0,19,22,26,76943.50,1521289.10,N,p1:8; p2:21; p3:2; p5:19,81,0,0,0,0,78534.00,483354.20,N
1234,44,25,19,16,13,13,p1:1; p2:4; p3:1; p5:7; p9:4; p13:32,326,0,10,49,16,63451.50,1584740.60,N,p1:13; p2:13; p3:17; p5:1,96,0,1,0,0,5590.90,488945.10,Y
1234,45,65,16,10,14,11,p0:1; p1:38; p3:10,335,0,3,47,40,64841.80,1649582.40,N,p1:11; p2:14; p3:10; p5:3,73,0,1,0,0,4408.90,493354.00,Y
1234,46,36,33,17,2,14,p1:2; p2:6; p3:6; p5:10; p6:3; p13:22,355,0,2,71,33,68517.00,1718099.40,N,p1:14; p2:2; p3:17; p5:8,63,0,1,0,0,6888.90,500242.90,Y
1234,47,60,44,7,6,8,p0:3; p1:3; p2:2; p3:6; p5:16; p13:19,496,0,0,51,26,94706.10,1812805.50,N,p1:8; p2:6; p3:6; p5:19,42,0,0,0,0,7388.00,507630.90,Y
1234,48,28,9,20,20,10,p1:21; p3:10; p10:10; p17:8,462,11,2,24,45,17558.60,1830364.10,Y,p1:10; p2:20; p3:20,64,11,0,0,0,5827.10,513458.00,Y
1234,49,55,9,15,27,2,p1:21; p2:6; p4:3,488,0,0,12,65,13320.10,1843684.20,Y,p1:2; p2:27; p3:15,65,17,0,0,0,5001.70,518459.70,Y
1234,50,13,38,22,18,1,p0:1; p1:4; p2:20; p3:24,525,0,9,0,59,18060.80,1861745.00,Y,p1:1; p2:18; p3:22,89,1,0,0,0,6056.10,524515.80,Y
1234,51,9,25,3,35,6,p2:24; p3:4; p5:9; p17:12,506,0,22,6,56,18728.40,1880473.40,Y,p1:6; p2:31; p3:3; p5:10,158,0,0,0,0,114052.00,638567.80,N
1234,52,76,36,4,15,3,p2:21; p3:7; p5:8,537,0,11,9,48,28818.00,1909291.40,N,p1:3; p2:15; p3:4; p5:16,131,0,0,0,0,7474.00,646041.80,Y
1234,53,19,22,18,18,8,p1:9; p2:20; p3:6; p5:6; p13:8,590,0,4,35,40,68395.10,1977686.50,N,p1:8; p2:18; p3:18; p5:2,158,0,0,0,0,6892.00,652933.80,Y
1234,54,29,38,13,12,8,p1:4; p2:4; p3:6; p5:13; p13:22,597,0,0,56,39,97017.50,2074704.00,N,p1:8; p2:12; p3:14; p5:12,173,0,1,0,0,9028.90,661962.70,Y
1234,55,66,19,26,8,3,p0:5; p1:28; p2:1; p3:15,641,0,0,52,53,90802.50,2165506.50,N,p1:3; p2:8; p3:25,126,6,0,0,0,7164.60,669127.30,Y
1234,56,22,23,24,5,14,p1:1; p2:1; p3:24; p4:1,572,0,0,48,45,18880.90,2184387.40,Y,p1:14; p2:5; p3:24,128,7,0,0,0,7182.70,676310.00,Y
1234,57,74,37,7,5,9,p1:2; p2:1; p3:15; p5:9; p13:2; p17:1,551,0,0,31,45,18726.80,2203114.20,Y,p1:9; p2:5; p3:8; p5:11,84,0,1,0,0,6182.90,682492.90,Y
1234,58,34,27,21,18,2,p3:8; p5:7; p13:5; p15:1,551,0,5,15,33,15744.90,2218859.10,Y,p1:2; p2:18; p3:21; p5:3,91,0,1,0,0,6760.90,689253.80,Y
1234,59,6,49,1,16,12,p2:9; p3:9; p5:20,567,0,0,17,30,18537.10,2237396.20,Y,p1:12; p2:14; p5:24,149,0,0,0,0,69626.00,758879.80,N
1234,60,22,41,26,7,3,p3:14; p5:18; p9:1; p10:15; p17:1,531,0,23,2,16,20532.10,2257928.30,Y,p1:3; p2:7; p3:27; p5:7,151,0,1,0,0,9720.90,768600.70,Y
1234,61,46,22,5,15,14,p1:9; p2:24; p3:1; p4:1; p10:14,538,0,29,7,20,14725.20,2272653.50,Y,p1:14; p2:15; p3:4; p5:9,158,0,0,0,0,6112.00,774712.70,Y
1234,62,50,26,11,19,5,p1:2; p2:32; p3:1; p5:5; p10:9,586,2,16,22,11,16073.50,2288727.00,Y,p1:5; p2:19; p3:12; p5:7,158,0,1,0,0,7098.90,781811.60,Y
1234,63,33,17,14,17,11,p1:49,547,0,11,14,57,13878.20,2302605.20,Y,p1:11; p2:17; p3:13; p5:2,172,0,0,0,0,6128.00,787939.60,Y
1234,64,88,40,5,8,3,p2:12; p3:7; p5:15,567,0,6,17,47,31156.60,2333761.80,N,p1:3; p2:8; p3:6; p5:17,120,0,1,0,0,7906.90,795846.50,Y
1234,65,19,44,12,9,10,p2:10; p3:10; p5:17,543,0,16,9,41,18651.40,2352413.20,Y,p1:10; p2:9; p3:12; p5:16,145,0,1,0,0,9336.90,805183.40,Y
1234,66,61,36,0,18,6,p1:8; p2:14; p3:6; p5:13; p13:8,567,0,5,33,36,69552.20,2421965.40,N,p1:6; p2:18; p5:18,144,0,1,0,0,7582.90,812766.30,Y
1234,67,51,38,17,7,5,p1:5; p2:4; p3:6; p5:13; p6:2; p13:19,591,0,0,50,29,70748.70,2492714.10,N,p1:5; p2:7; p3:16; p5:11,123,0,0,0,0,8242.00,821008.30,Y
1234,68,53,13,22,12,7,p1:15; p3:13,581,0,0,46,33,15864.70,2508578.80,Y,p1:7; p2:12; p3:22,101,9,0,0,0,6464.90,827473.20,Y
1234,69,25,32,22,4,11,p1:10; p3:28; p10:8; p13:3,567,0,0,32,40,20679.60,2529258.40,Y,p1:11; p2:4; p3:23,95,0,1,0,0,6276.90,833750.10,Y
1234,70,24,24,28,14,3,p0:2; p1:13; p2:10; p3:12; p10:9; p13:3,571,0,1,30,40,17931.90,2547190.30,Y,p1:3; p2:14; p3:27,102,3,0,0,0,7258.30,841008.40,Y
1234,71,41,16,16,12,13,p1:8; p2:17; p3:7,561,0,0,33,41,14420.20,2561610.50,Y,p1:13; p2:12; p3:16,98,3,0,0,0,5162.30,846170.70,Y
1234,72,52,22,15,14,7,p3:9; p5:7; p10:1,522,0,2,19,32,14470.10,2576080.60,Y,p1:7; p2:14; p3:15; p5:2,83,0,0,0,0,5142.00,851312.70,Y
1234,73,44,40,3,14,9,p1:6; p2:10; p3:7; p5:14; p13:12,549,0,0,43,27,82335.00,2658415.60,N,p1:9; p2:14; p3:4; p5:18,94,0,1,0,0,7662.90,858975.60,Y
1234,74,44,29,27,4,6,p0:1; p1:23; p3:25,554,0,5,26,33,17915.20,2676330.80,Y,p1:6; p2:4; p3:27; p5:1,65,0,1,0,0,6836.90,865812.50,Y
1234,75,21,31,6,17,14,p2:10; p3:4; p5:12; p13:1; p17:2,497,0,3,35,18,15241.60,2691572.40,Y,p1:14; p2:17; p3:5; p5:13,105,0,0,0,0,6730.00,872542.50,Y
1234,76,89,20,9,1,15,p1:4; p2:6; p3:7; p5:4; p13:28,470,0,6,60,18,79226.80,2770799.20,N,p1:15; p2:1; p3:10; p5:5,38,0,1,0,0,4298.90,876841.40,Y
1234,77,105,28,4,10,4,p1:8; p3:7; p5:7; p6:2; p13:25,464,0,0,44,40,80921.20,2851720.40,N,p0:6; p1:4; p2:10; p3:4; p5:12,5,0,1,0,0,4556.90,881398.30,Y
1234,78,53,11,13,16,12,p0:8; p1:1; p2:8; p3:8; p13:2; p17:1,498,0,7,36,26,13472.90,2865193.30,Y,p0:1; p1:12; p2:16; p3:12,2,1,0,0,0,3018.10,884416.40,Y
1234,79,31,26,4,16,15,p2:6; p3:1; p5:9; p6:2; p13:31,539,0,0,61,23,81173.20,2946366.50,N,p1:15; p2:16; p3:5; p5:10,28,0,1,0,0,4858.90,889275.30,Y
1234,80,50,30,18,13,3,p3:14; p5:6; p13:4,516,0,0,46,13,15948.70,2962315.20,Y,p1:3; p2:13; p3:18; p5:6,13,0,1,0,0,5828.90,895104.20,Y
1234,81,29,25,14,15,10,p3:7; p5:11; p10:5,435,2,0,23,10,13195.10,2975510.30,Y,p1:10; p2:15; p3:13; p5:6,30,0,0,0,0,5200.00,900304.20,Y
1234,82,87,2,13,23,3,p1:40; p2:8; p4:1,410,0,0,16,36,30459.60,3005969.90,N,p0:2; p1:3; p2:23; p3:13,4,11,0,0,0,3507.10,903811.30,Y
1234,83,85,10,1,16,14,p1:8; p2:19; p3:8,440,0,0,18,23,10889.30,3016859.20,Y,p0:6; p1:14; p2:16; p3:1,1,2,0,0,0,874.20,904685.50,Y
1234,84,16,7,11,17,21,p1:8; p2:17; p3:6; p10:11; p17:7,438,6,17,14,16,14492.90,3031352.10,Y,p1:21; p2:17; p3:11,40,6,0,0,0,3700.60,908386.10,Y
1234,85,44,12,4,21,15,p1:11; p2:9; p3:3,399,1,7,9,16,8550.90,3039903.00,Y,p1:15; p2:21; p3:4; p5:1,54,0,0,0,0,2556.00,910942.10,Y
1234,86,68,8,13,14,11,p1:26; p2:5; p3:3; p5:1; p10:5; p17:9,421,3,12,0,26,12768.90,3052671.90,Y,p1:11; p2:14; p3:13,25,5,0,0,0,3600.50,914542.60,Y
1234,87,14,17,14,15,16,p1:22; p2:15,334,2,0,0,48,8802.60,3061474.50,Y,p1:16; p2:15; p3:14,57,2,0,0,0,4278.20,918820.80,Y
1234,88,139,1,13,14,0,p1:13; p2:36,417,0,0,36,45,32047.30,3093521.80,N,p0:9; p2:14; p3:13,0,14,0,0,0,3301.40,922122.20,Y
1234,89,4,29,27,1,16,p1:2; p2:2; p3:28,373,0,0,31,42,15526.90,3109048.70,Y,p1:16; p2:1; p3:27,14,12,0,0,0,6297.20,928419.40,Y
1234,90,50,33,20,7,5,p1:1; p2:1; p3:33,296,0,3,30,25,14316.20,3123364.90,Y,p0:3; p1:5; p2:7; p3:21,1,0,1,0,0,4500.90,932920.30,Y
1234,91,80,13,11,2,18,p1:20; p2:6; p3:12,303,0,0,25,25,10277.00,3133641.90,Y,p0:10; p1:18; p2:2; p3:11; p5:1,4,0,1,0,0,2982.90,935903.20,Y
1234,92,25,0,22,11,20,p1:5; p2:3; p3:1; p4:2; p10:13; p13:18; p17:7,317,0,0,65,28,92032.90,3225674.80,N,p1:20; p2:11; p3:19,21,19,0,0,0,45485.90,981389.10,N
1234,93,79,28,25,2,2,p1:7; p3:26; p13:1,220,0,0,63,21,13559.20,3239234.00,Y,p0:9; p1:2; p2:2; p3:25,2,16,0,0,0,5589.60,986978.70,Y
1234,94,104,14,9,2,14,p0:1; p1:40; p3:8,206,0,0,57,43,88816.00,3328050.00,N,p0:14; p1:14; p2:2; p3:9,0,11,0,0,0,2451.10,989429.80,Y
1234,95,66,6,14,6,18,p0:3; p1:8; p3:6; p4:4; p10:3; p13:21; p15:4,437,0,0,48,34,73688.60,3401738.60,N,p0:6; p1:18; p2:6; p3:14,0,19,0,0,0,3851.90,993281.70,Y
1234,96,12,36,20,9,10,p0:1; p1:6; p3:26; p5:3; p13:13,513,0,5,36,19,68384.00,3470122.60,N,p1:10; p2:9; p3:20,16,3,0,0,0,4694.30,997976.00,Y
1234,97,48,28,1,12,16,p1:9; p3:3; p5:10; p13:27,508,0,3,18,43,79868.00,3549990.60,N,p1:16; p2:12; p3:1; p5:12,20,0,0,0,0,4400.00,1002376.00,Y
1234,98,52,17,5,18,13,p1:6; p2:18; p3:6; p5:3; p13:16,589,0,3,32,36,80011.10,3630001.70,N,p1:13; p2:18; p3:5; p5:6,23,0,0,0,0,3622.00,1005998.00,Y
1234,99,2,35,6,25,9,p1:1; p2:7; p3:7; p5:11; p6:2; p13:21,623,0,0,51,30,70981.30,3700983.00,N,p1:9; p2:21; p3:6; p5:14,86,0,0,0,0,114624.00,1120622.00,N
1234,100,43,30,17,11,6,p3:9; p5:10; p13:1; p15:1,564,0,0,51,18,16883.70,3717866.70,Y,p1:6; p2:11; p3:18; p5:6,77,0,1,0,0,6744.90,1127366.90,Y
1234,101,68,27,17,0,12,p0:2; p1:25; p3:22,571,0,0,44,29,81816.90,3799683.60,N,p1:12; p3:17; p5:5,26,0,1,0,0,5450.90,1132817.80,Y
1234,102,41,16,22,7,13,p0:7; p1:30; p3:12,637,0,0,31,49,68628.00,3868311.60,N,p1:13; p2:7; p3:21,12,5,0,0,0,4918.50,1137736.30,Y
1234,103,12,19,25,13,10,p1:1; p2:1; p3:24; p4:1,614,0,0,20,38,17435.40,3885747.00,Y,p1:10; p2:13; p3:25,36,11,0,0,0,6295.10,1144031.40,Y
1234,104,28,17,21,12,12,p1:2; p2:10; p3:20; p4:1; p10:8; p17:8,578,9,0,17,34,19559.20,3905306.20,Y,p1:12; p2:12; p3:21,44,15,0,0,0,5747.50,1149778.90,Y
1234,105,60,16,21,13,6,p1:22; p2:14; p3:7; p10:2; p17:4,584,15,0,17,39,16330.30,3921636.50,Y,p1:6; p2:13; p3:21,16,20,0,0,0,5406.00,1155184.90,Y
1234,106,41,11,15,14,14,p0:1; p1:27; p2:21,654,5,0,25,50,35414.00,3957050.50,N,p1:14; p2:14; p3:15,17,24,0,0,0,4520.40,1159705.30,Y
1234,107,5,11,24,13,16,p2:1; p3:4; p4:21,617,4,0,1,42,18004.30,3975054.80,Y,p1:16; p2:13; p3:21,54,34,0,0,0,66859.40,1226564.70,N
1234,108,81,5,3,25,8,p1:11; p2:38,584,0,0,38,51,54991.70,4030046.50,N,p1:8; p2:25; p3:3,31,32,0,0,0,2657.20,1229221.90,Y
1234,109,126,42,4,1,2,p1:6; p2:4; p3:6; p5:13; p6:3; p13:17,633,0,0,46,36,59020.60,4089067.10,N,p0:15; p1:2; p2:1; p3:4; p5:3,2,0,0,0,0,1728.00,1230949.90,Y
1234,110,29,14,8,20,15,p0:7; p1:1; p2:7; p3:8; p13:26,657,0,0,69,31,94862.00,4183929.10,N,p1:15; p2:20; p3:8; p5:3,31,0,0,0,0,3574.00,1234523.90,Y
1234,111,87,9,18,11,6,p1:10; p3:11; p4:3; p13:2,617,0,0,45,39,17409.20,4201338.30,Y,p0:5; p1:6; p2:11; p3:18,2,9,0,0,0,4238.90,1238762.80,Y
1234,112,56,8,19,24,2,p1:6; p2:3; p3:3; p4:13; p10:1; p13:23,630,0,0,71,28,92546.70,4293885.00,N,p0:1; p1:2; p2:24; p3:19,2,20,0,0,0,4950.00,1243712.80,Y
1234,113,80,3,20,7,12,p1:4; p3:6; p4:13; p5:1,596,0,0,68,16,18073.20,4311958.20,Y,p0:9; p1:12; p2:7; p3:20,2,37,0,0,0,5521.70,1249234.50,Y
1234,114,64,17,14,3,16,p1:23; p3:13; p13:13,605,11,0,46,34,19561.10,4331519.30,Y,p0:7; p1:16; p2:3; p3:14,2,34,0,0,0,4231.40,1253465.90,Y
1234,115,14,3,33,22,5,p1:1; p3:4; p4:16,520,0,0,44,27,16564.30,4348083.60,Y,p1:5; p2:22; p3:23,37,54,0,0,0,208283.40,1461749.30,N
1234,116,118,28,5,2,8,p0:1; p1:9; p2:1; p3:8; p10:1; p13:29,552,0,1,32,53,80137.40,4428221.00,N,p0:12; p1:8; p2:2; p3:5,3,31,0,0,0,2175.10,1463924.40,Y
1234,117,16,46,2,13,14,p1:6; p2:4; p3:7; p5:18; p13:14,567,0,5,33,44,58686.60,4486907.60,N,p1:14; p2:13; p3:3; p5:6,33,0,1,0,0,3328.90,1467253.30,Y
1234,118,53,18,3,24,9,p0:1; p2:6; p3:4; p5:4; p13:34,573,0,0,70,40,94805.00,4581712.60,N,p1:9; p2:24; p3:2; p5:8,45,0,0,0,0,3930.00,1471183.30,Y
1234,119,86,12,28,4,4,p0:1; p1:4; p3:16; p4:3,538,0,0,61,42,17875.90,4599588.50,Y,p0:5; p1:4; p2:4; p3:28,1,16,0,0,0,6255.60,1477438.90,Y
1234,120,51,20,29,9,2,p1:3; p3:25; p4:2; p17:2,478,0,0,51,32,17709.90,4617298.40,Y,p0:5; p1:2; p2:9; p3:29,0,25,0,0,0,6772.50,1484211.40,Y
1234,121,67,20,8,10,13,p0:1; p1:20; p2:4; p3:6; p13:18,514,0,0,58,43,94343.30,4711641.70,N,p0:6; p1:13; p2:10; p3:8,2,13,0,0,0,2479.30,1486690.70,Y
1234,122,41,7,25,21,4,p3:13; p4:6; p10:1; p15:4,512,0,0,35,28,36303.90,4747945.60,N,p1:4; p2:21; p3:25,7,31,0,0,0,6531.10,1493221.80,Y
1234,123,14,11,12,23,15,p1:1; p2:3; p3:4; p4:4; p10:13; p13:24,536,0,0,70,24,96118.20,4844063.80,N,p1:15; p2:23; p3:12,54,32,0,0,0,4879.20,1498101.00,Y
1234,124,67,22,23,6,5,p1:11; p3:19; p4:2; p13:2,485,0,0,61,21,16558.60,4860622.40,Y,p1:5; p2:6; p3:23,4,33,0,0,0,5869.30,1503970.30,Y
1234,125,66,9,14,9,14,p1:18; p3:10; p4:2; p13:1; p17:1,503,0,0,48,27,14847.50,4875469.90,Y,p0:5; p1:14; p2:9; p3:14,0,38,0,0,0,4403.80,1508374.10,Y
1234,126,4,20,24,13,12,p1:8; p3:22; p4:2,454,0,0,44,31,16017.50,4891487.40,Y,p1:12; p2:13; p3:24,34,42,0,0,0,7040.20,1515414.30,Y
1234,127,61,43,16,4,4,p3:19; p5:6; p13:3; p17:1,415,0,0,32,22,15384.20,4906871.60,Y,p0:3; p1:4; p2:4; p3:16,3,15,0,0,0,3853.50,1519267.80,Y
1234,128,45,13,23,12,9,p1:15; p2:5; p3:16; p4:1; p10:8; p17:4,409,0,4,21,24,15198.10,4922069.70,Y,p0:2; p1:9; p2:12; p3:23,3,25,0,0,0,5814.50,1525082.30,Y
1234,129,33,21,10,16,13,p0:1; p1:20; p2:15; p3:1; p13:12,351,0,1,52,29,62606.20,4984675.90,N,p1:13; p2:16; p3:10,15,14,0,0,0,3211.40,1528293.70,Y
1234,130,144,11,4,1,11,p0:13; p1:1; p2:1; p3:8; p13:3,395,0,1,40,13,10929.80,4995605.70,Y,p0:20; p1:11; p2:1; p3:4,4,7,0,0,0,1306.70,1529600.40,Y
1234,131,37,13,11,13,17,p0:2; p1:39; p3:8,399,0,0,25,40,76560.50,5072166.20,N,p1:17; p2:13; p3:11,10,5,0,0,0,3090.50,1532690.90,Y
1234,132,68,11,13,15,9,p0:1; p1:12; p2:19; p3:8; p13:9,460,0,0,37,37,51870.20,5124036.40,N,p0:4; p1:9; p2:15; p3:13,5,7,0,0,0,3360.70,1536051.60,Y
1234,133,80,16,15,7,10,p0:2; p1:1; p2:12; p3:11; p13:23,487,0,0,50,30,79102.00,5203138.40,N,p0:9; p1:10; p2:7; p3:15,3,6,0,0,0,3562.60,1539614.20,Y
1234,134,58,20,2,23,8,p0:3; p3:4; p5:4; p6:2; p10:2; p13:34,675,0,0,37,22,93020.70,5296159.10,N,p1:8; p2:23; p3:2; p5:6,5,0,0,0,0,2770.00,1542384.20,Y
1234,135,62,9,20,13,8,p1:13; p2:1; p3:17; p4:1,645,0,0,22,33,16473.50,5312632.60,Y,p0:4; p1:8; p2:13; p3:20,1,11,0,0,0,4765.10,1547149.30,Y
1234,136,47,25,19,16,2,p1:4; p2:10; p3:19; p4:1; p10:8; p17:7,614,2,5,14,29,19214.60,5331847.20,Y,p0:2; p1:2; p2:16; p3:19,0,5,0,0,0,4310.50,1551459.80,Y
1234,137,57,16,12,18,8,p1:9; p2:9; p3:2; p4:1,597,1,0,6,31,11888.20,5343735.40,Y,p0:3; p1:8; p2:18; p3:12,5,1,0,0,0,3020.10,1554479.90,Y
1234,138,46,3,26,17,7,p1:1; p2:4; p3:3; p4:11; p10:22; p17:8,635,0,0,40,15,96721.50,5440456.90,N,p1:7; p2:17; p3:26,0,24,0,0,0,6402.40,1560882.30,Y
1234,139,55,8,24,1,17,p1:5; p3:5; p4:20; p10:10; p13:1; p17:8,639,5,15,21,6,21677.10,5462134.00,Y,p0:6; p1:17; p2:1; p3:24,0,40,0,0,0,6364.00,1567246.30,Y
1234,140,41,16,6,19,14,p1:49,618,0,6,10,42,13397.00,5475531.00,Y,p1:14; p2:19; p3:6,11,30,0,0,0,2917.00,1570163.30,Y
1234,141,71,13,9,11,14,p1:5; p2:30; p3:5; p13:9,638,0,0,44,40,54737.20,5530268.20,N,p0:4; p1:14; p2:11; p3:9,0,26,0,0,0,3082.60,1573245.90,Y
1234,142,69,30,15,10,3,p2:7; p3:5; p5:10; p13:27,646,0,0,66,37,84257.90,5614526.10,N,p0:8; p1:3; p2:10; p3:15,2,11,0,0,0,3619.10,1576865.00,Y
1234,143,72,25,15,13,3,p0:28; p1:1; p3:20,748,0,0,54,32,84195.80,5698721.90,N,p0:7; p1:3; p2:13; p3:15,1,1,0,0,0,3364.10,1580229.10,Y
1234,144,73,17,15,12,6,p0:3; p1:22; p3:12; p13:12,847,0,0,44,34,83927.40,5782649.30,N,p0:7; p1:6; p2:12; p3:16,0,0,1,0,0,3606.90,1583836.00,Y
1234,145,34,23,9,10,17,p1:3; p3:7; p5:9,794,0,4,26,27,18892.50,5801541.80,Y,p1:17; p2:10; p3:9; p5:7,10,0,1,0,0,4486.90,1588322.90,Y
1234,146,59,30,3,18,7,p1:1; p2:9; p3:7; p5:8; p13:24,800,0,0,52,28,84856.00,5886397.80,N,p1:7; p2:18; p3:2; p5:14,8,0,0,0,0,4932.00,1593254.90,Y
1234,147,71,35,18,8,0,p0:3; p2:2; p3:8; p5:11; p13:25,948,0,0,36,25,86175.30,5972573.10,N,p0:7; p2:8; p3:19; p5:8,3,0,1,0,0,6288.90,1599543.80,Y
1234,148,49,19,23,16,3,p1:9; p2:1; p3:22; p4:1; p10:9; p17:7,908,0,2,24,33,24679.90,5997253.00,Y,p0:2; p1:3; p2:16; p3:22,1,3,0,0,0,4884.30,1604428.10,Y
1234,149,53,35,16,13,1,p0:1; p2:13; p3:6; p5:2; p13:27,932,0,4,50,17,84258.70,6081511.70,N,p0:3; p1:1; p2:13; p3:16; p5:8,1,0,0,0,0,5734.00,1610162.10,Y
1234,150,66,11,4,15,16,p1:19; p2:1; p3:5; p6:2; p13:22,872,0,0,40,54,72302.20,6153813.90,N,p0:3; p1:16; p2:15; p3:5; p5:3,2,0,1,0,0,2534.90,1612697.00,Y
1234,151,110,12,10,11,5,p0:6; p1:1; p2:27; p3:9; p13:6,900,0,12,53,42,23844.30,6177658.20,Y,p0:14; p1:5; p2:11; p3:10; p5:1,4,0,1,0,0,2702.90,1615399.90,Y
1234,152,51,30,9,8,13,p0:11; p3:4; p5:6; p13:4,926,0,5,45,35,21392.50,6199050.70,Y,p0:2; p1:13; p2:8; p3:8; p5:11,5,0,0,0,0,5170.00,1620569.90,Y
1234,153,46,37,15,8,7,p2:9; p3:1; p5:15; p6:2; p13:22,966,0,0,61,23,75811.20,6274861.90,N,p0:2; p1:7; p2:8; p3:15; p5:11,5,0,0,0,0,6450.00,1627019.90,Y
1234,154,45,12,14,16,12,p0:1; p1:19; p2:6; p3:8; p13:15,1111,0,0,46,33,73964.70,6348826.60,N,p1:12; p2:16; p3:14,4,2,0,0,0,3476.20,1630496.10,Y
1234,155,12,32,17,15,9,p1:2; p2:8; p3:25; p5:1; p13:13,1063,0,0,63,21,90081.20,6438907.80,N,p1:9; p2:15; p3:18; p5:6,37,0,1,0,0,6324.90,1636821.00,Y
1234,156,95,6,13,5,14,p0:1; p1:34; p2:1; p3:4; p13:9,1104,0,0,57,49,69283.80,6508191.60,N,p0:6; p1:14; p2:5; p3:12,2,6,0,0,0,2988.60,1639809.60,Y
1234,157,90,40,10,6,1,p0:1; p1:3; p2:2; p3:11; p5:11; p6:3; p13:18,1266,0,0,22,45,79959.10,6588150.70,N,p0:11; p1:1; p2:6; p3:10; p5:12,3,0,0,0,0,5542.00,1645351.60,Y
1234,158,8,1,21,35,4,p2:19; p3:4; p4:14; p10:9; p17:3,1314,0,0,24,34,29499.40,6617650.10,Y,p1:4; p2:35; p3:11,69,10,0,0,0,205247.00,1850598.60,N
1234,159,18,28,12,17,11,p0:1; p1:15; p2:25; p3:7; p13:1,1342,0,3,32,28,89378.70,6707028.80,N,p1:11; p2:17; p3:12; p5:3,99,0,0,0,0,5186.00,1855784.60,Y
1234,160,49,3,3,21,19,p0:2; p1:45; p2:2,1371,0,0,20,66,64533.80,6771562.60,N,p1:19; p2:21; p3:3,111,0,0,0,0,2954.00,1858738.60,Y
1234,161,38,32,13,19,3,p1:3; p2:3; p3:9; p5:9; p10:7; p13:18,1426,0,0,34,61,115631.50,6887194.10,N,p1:3; p2:19; p3:14; p5:9,123,0,1,0,0,7528.90,1866267.50,Y
1234,162,18,10,31,18,5,p2:13; p3:28; p4:2; p17:6,1408,30,5,22,40,34238.10,6921432.20,Y,p1:5; p2:18; p3:27,146,17,0,0,0,68715.70,1934983.20,N
1234,163,30,4,10,16,21,p1:17; p2:10; p4:7,1370,9,0,29,55,27226.10,6948658.30,Y,p1:21; p2:16; p3:10,169,23,0,0,0,5798.30,1940781.50,Y
1234,164,89,21,27,3,2,p2:38; p3:1; p4:10,1438,0,0,54,40,90010.20,7038668.50,N,p1:2; p2:3; p3:27,88,29,0,0,0,7604.90,1948386.40,Y
1234,165,30,24,10,13,15,p0:7; p1:1; p2:13; p3:9; p13:19,1490,0,0,85,30,114719.50,7153388.00,N,p1:15; p2:13; p3:10,99,15,0,0,0,4397.50,1952783.90,Y
1234,166,57,24,20,2,11,p1:29; p3:19,1491,0,0,65,59,117577.20,7270965.20,N,p1:11; p2:2; p3:20,57,11,0,0,0,5389.10,1958173.00,Y
1234,167,30,20,23,20,2,p0:1; p1:11; p2:1; p3:19; p4:1; p13:16,1626,0,0,52,42,105850.20,7376815.40,N,p1:2; p2:20; p3:23,69,14,0,0,0,6427.40,1964600.40,Y
1234,168,38,20,4,14,18,p0:13; p2:11; p3:4; p5:5; p13:16,1717,0,0,63,34,110038.10,7486853.50,N,p1:18; p2:14; p3:4; p5:1,78,0,0,0,0,2812.00,1967412.40,Y
1234,169,48,28,8,17,8,p0:3; p2:8; p3:9; p5:7; p13:22,1896,0,0,44,26,99039.00,7585892.50,N,p1:8; p2:17; p3:8; p5:10,82,0,0,0,0,6048.00,1973460.40,Y
1234,170,32,7,24,19,8,p3:10; p4:6; p5:7; p10:14; p13:1; p17:11,1905,16,12,29,9,40301.80,7626194.30,Y,p1:8; p2:19; p3:23,96,16,0,0,0,27065.60,2000526.00,N
1234,171,3,21,15,15,17,p1:2; p2:5; p4:1; p5:24; p9:1; p10:1; p13:8; p17:7,1933,0,10,61,6,32960.10,7659154.40,Y,p1:17; p2:15; p3:15,140,10,0,0,0,5901.00,2006427.00,Y
1234,172,69,34,3,15,5,p1:1; p2:13; p3:2; p5:4; p6:2; p9:4; p13:23,1921,0,11,51,35,113095.70,7772250.10,N,p1:5; p2:15; p3:4; p5:10,116,0,1,0,0,5670.90,2012097.90,Y
1234,173,64,32,1,10,13,p0:5; p2:12; p3:1; p5:13; p13:18,1975,0,0,71,31,102684.60,7874934.70,N,p1:13; p2:10; p5:16,101,0,0,0,0,6354.00,2018451.90,Y
1234,174,51,18,27,11,4,p0:1; p1:24; p2:9; p3:15,2058,0,0,46,42,76446.40,7951381.10,N,p1:4; p2:11; p3:27,76,9,0,0,0,7034.90,2025486.80,Y
1234,175,7,14,12,25,13,p0:37; p1:1; p3:11,2245,0,0,31,29,96174.00,8047555.10,N,p1:13; p2:25; p3:12,132,7,0,0,0,5218.70,2030705.50,Y
1234,176,42,7,16,15,14,p1:1; p2:22; p3:11; p4:2; p10:7; p13:3; p17:3,2257,0,0,53,27,100160.00,8147715.10,N,p1:14; p2:15; p3:16,134,16,0,0,0,6137.60,2036843.10,Y
1234,177,65,28,14,14,3,p1:2; p2:18; p3:18; p6:2; p13:9,2228,0,0,47,42,93181.70,8240896.80,N,p1:3; p2:14; p3:14,100,2,0,0,0,4600.20,2041443.30,Y
1234,178,66,27,5,7,14,p0:6; p2:14; p3:1; p5:10; p13:18,2271,0,0,71,31,118928.60,8359825.40,N,p1:14; p2:7; p3:5; p5:10,72,0,0,0,0,5228.00,2046671.30,Y
1234,179,69,27,7,9,11,p0:1; p2:18; p3:8; p5:7; p13:15,2419,0,0,58,26,106935.20,8466760.60,N,p1:11; p2:9; p3:7; p5:10,42,0,0,0,0,5188.00,2051859.30,Y
1234,180,69,41,2,13,5,p1:1; p2:22; p3:3; p5:16; p6:2; p13:5,2463,0,0,53,41,98194.20,8564954.80,N,p1:5; p2:13; p3:3; p5:19,23,0,1,0,0,6648.90,2058508.20,Y
1234,181,7,33,22,5,14,p1:3; p2:16; p3:28; p13:2,2450,0,2,66,43,111563.50,8676518.30,N,p1:14; p2:5; p3:21; p5:6,46,0,0,0,0,6904.00,2065412.20,Y
1234,182,54,63,6,6,1,p0:3; p1:14; p2:1; p3:5; p5:26,2462,0,0,58,49,127071.10,8803589.40,N,p1:1; p2:6; p3:7; p5:28,33,0,1,0,0,9888.90,2075301.10,Y
1234,183,50,19,21,10,8,p0:34; p1:1; p3:14,2616,0,0,53,45,109993.40,8913582.80,N,p1:8; p2:10; p3:20,11,1,0,0,0,4544.10,2079845.20,Y
1234,184,57,31,22,5,5,p0:2; p1:1; p2:20; p3:26,2639,0,0,63,34,112926.10,9026508.90,N,p0:5; p1:5; p2:5; p3:22; p5:4,3,0,0,0,0,5762.00,2085607.20,Y
1234,185,32,38,7,11,12,p0:1; p2:21; p3:5; p5:14; p13:8,2839,0,0,61,20,113925.30,9140434.20,N,p1:12; p2:11; p3:8; p5:15,20,0,1,0,0,6586.90,2092194.10,Y
1234,186,0,39,23,2,14,p1:2; p2:12; p3:34; p13:1,2863,0,9,57,7,115761.30,9256195.50,N,p1:14; p2:2; p3:23; p5:8,46,0,1,0,0,7850.90,2100045.00,Y
1234,187,6,36,4,18,15,p1:1; p2:13; p3:3; p5:14; p9:6; p13:12,2845,0,0,56,30,114685.80,9370881.30,N,p1:15; p2:16; p3:3; p5:16,103,0,0,0,0,67442.00,2167487.00,N
1234,188,65,27,20,1,10,p1:2; p2:24; p3:9; p5:6; p13:8,2825,0,0,46,58,127693.20,9498574.50,N,p1:10; p2:1; p3:21; p5:3,53,0,1,0,0,6048.90,2173535.90,Y
1234,189,61,24,16,10,7,p0:2; p2:28; p3:19,2840,0,0,56,45,114855.30,9613429.80,N,p1:7; p2:10; p3:16; p5:4,23,0,1,0,0,5028.90,2178564.80,Y
1234,190,55,14,5,19,13,p0:19; p2:24; p3:1; p5:2; p6:3,2955,0,0,78,28,127303.80,9740733.60,N,p1:13; p2:19; p3:4; p5:5,24,0,0,0,0,3176.00,2181740.80,Y
1234,191,60,5,22,3,17,p1:3; p2:12; p3:6; p4:9; p10:8; p15:11,2944,0,0,69,50,193436.70,9934170.30,N,p0:3; p1:17; p2:3; p3:22,5,17,0,0,0,5381.70,2187122.50,Y
1234,192,64,26,7,9,13,p0:29; p2:7; p3:8; p5:5,3114,0,0,68,40,143588.40,10077758.70,N,p0:5; p1:13; p2:9; p3:7; p5:1,3,0,0,0,0,2162.00,2189284.50,Y
1234,193,25,5,35,9,10,p2:19; p3:10; p4:18; p15:2,3167,0,0,88,21,178379.70,10256138.40,N,p1:10; p2:9; p3:31,6,26,0,0,0,87846.60,2277131.10,N
1234,194,27,39,8,2,19,p0:2; p1:3; p2:17; p3:15; p5:6; p13:6,3180,0,0,81,44,147568.50,10403706.90,N,p1:19; p2:2; p3:9; p5:2,4,0,1,0,0,2882.90,2280014.00,Y
1234,195,32,44,19,7,4,p0:1; p1:2; p2:14; p3:26; p5:6,3199,0,14,67,31,135616.00,10539322.90,N,p1:4; p2:7; p3:18; p5:13,3,0,0,0,0,7502.00,2287516.00,Y
1234,196,85,13,0,14,15,p0:29; p2:16; p3:1; p5:2; p6:1,3355,0,0,74,17,143980.30,10683303.20,N,p0:6; p1:15; p2:14; p3:1; p5:6,3,0,1,0,0,2548.90,2290064.90,Y
1234,197,57,11,16,10,14,p0:2; p1:1; p2:25; p3:1; p5:1; p6:1; p13:8; p14:10,3380,0,0,42,58,145702.00,10829005.20,N,p0:4; p1:14; p2:10; p3:15,4,4,0,0,0,3656.40,2293721.30,Y
1234,198,31,23,2,32,5,p0:1; p2:36; p3:1; p5:8; p6:1; p10:2,3584,0,0,31,56,143151.10,10972156.30,N,p1:5; p2:32; p3:3; p5:8,50,0,1,0,0,4326.90,2298048.20,Y
1234,199,47,64,1,11,2,p0:1; p2:12; p3:12; p5:24,3578,0,0,33,41,115738.20,11087894.50,N,p1:2; p2:11; p5:32,59,0,0,0,0,10046.00,2308094.20,Y
1234,200,62,3,15,11,15,p0:1; p1:1; p2:45; p3:1; p15:1,3575,0,0,76,39,125155.50,11213050.00,N,p1:15; p2:11; p3:15,34,12,0,0,0,4357.20,2312451.40,Y
1234,201,102,39,8,3,3,p0:17; p2:7; p3:17; p5:8,3680,0,0,69,21,139991.00,11353041.00,N,p0:9; p1:3; p2:3; p3:9; p5:9,4,0,1,0,0,4542.90,2316994.30,Y
1234,202,21,4,18,15,18,p1:2; p2:34; p3:3; p4:3; p10:2; p14:5,3661,0,0,68,52,134078.00,11487119.00,N,p1:18; p2:15; p3:17,31,13,0,0,0,4885.30,2321879.60,Y
1234,203,69,34,8,1,13,p0:20; p2:10; p3:11; p5:8,3768,0,0,64,45,154369.70,11641488.70,N,p0:3; p1:13; p2:1; p3:9; p5:6,1,0,1,0,0,3820.90,2325700.50,Y
1234,204,43,21,17,15,7,p0:24; p2:10; p3:15,3888,0,0,60,32,140587.60,11782076.30,N,p0:1; p1:7; p2:15; p3:17; p5:2,3,0,1,0,0,4488.90,2330189.40,Y
1234,205,46,27,4,15,13,p0:1; p2:12; p3:4; p5:8; p13:7; p14:17,4116,0,0,43,28,155282.30,11937358.60,N,p1:13; p2:15; p3:3; p5:12,12,0,0,0,0,4688.00,2334877.40,Y
1234,206,8,29,24,17,4,p1:2; p2:22; p3:25,4131,0,0,37,39,119682.80,12057041.40,N,p1:4; p2:17; p3:25; p5:2,44,0,1,0,0,6642.90,2341520.30,Y
1234,207,11,32,20,7,13,p1:1; p2:19; p3:28; p9:1,4143,0,0,52,36,121412.40,12178453.80,N,p1:13; p2:7; p3:20; p5:6,66,0,1,0,0,7050.90,2348571.20,Y
1234,208,30,39,24,6,4,p0:1; p1:1; p2:19; p3:21; p5:7,4210,0,4,35,31,120991.40,12299445.20,N,p1:4; p2:6; p3:23; p5:8,60,0,0,0,0,7880.00,2356451.20,Y
1234,209,67,29,3,17,6,p1:1; p2:32; p3:1; p5:11; p9:1; p13:3,4225,0,0,35,52,146529.10,12445974.30,N,p1:6; p2:17; p3:3; p5:13,46,0,0,0,0,5344.00,2361795.20,Y
1234,210,34,27,18,1,16,p0:1; p1:2; p2:23; p3:23,4214,0,0,57,50,122333.10,12568307.40,N,p1:16; p2:1; p3:19; p5:4,34,0,1,0,0,5782.90,2367578.10,Y
1234,211,67,40,18,2,4,p0:12; p2:15; p3:10; p5:12,4263,0,1,50,37,148138.00,12716445.40,N,p0:3; p1:4; p2:2; p3:18; p5:11,4,0,1,0,0,6902.90,2374481.00,Y
1234,212,67,7,1,23,13,p0:21; p1:1; p2:26; p3:1,4369,0,0,75,30,145552.50,12861997.90,N,p0:1; p1:13; p2:23; p3:1; p5:3,5,0,1,0,0,1876.90,2376357.90,Y
1234,213,75,24,20,2,8,p0:9; p1:2; p2:19; p3:18; p4:1,4502,0,0,64,21,149322.50,13011320.40,N,p0:10; p1:8; p2:2; p3:20; p5:2,4,0,1,0,0,4862.90,2381220.80,Y
1234,214,45,27,12,11,11,p1:1; p2:27; p3:12; p5:5; p14:4,4515,0,0,64,46,138897.00,13150217.40,N,p1:11; p2:11; p3:11; p5:8,0,0,0,0,0,4880.00,2386100.80,Y
1234,215,25,36,29,0,8,p0:1; p1:1; p2:15; p3:31; p4:1,4604,0,0,44,43,140849.10,13291066.50,N,p0:3; p1:8; p3:30; p5:3,4,0,1,0,0,7102.90,2393203.70,Y
1234,216,16,28,20,20,4,p0:2; p2:21; p3:23; p9:1; p13:2,4725,0,0,25,30,139151.50,13430218.00,N,p1:4; p2:20; p3:20; p5:4,36,0,1,0,0,6150.90,2399354.60,Y
1234,217,32,16,8,21,13,p2:43; p3:2; p5:4,4711,0,0,63,17,150416.00,13580634.00,N,p1:13; p2:21; p3:8; p5:4,63,0,1,0,0,4328.90,2403683.50,Y
1234,218,106,1,13,6,13,p1:1; p2:25; p3:5; p4:2; p12:4; p14:9; p15:1; p19:2,4713,0,0,54,45,155906.70,13736540.70,N,p0:3; p1:13; p2:6; p3:12,0,11,0,0,0,3111.10,2406794.60,Y
1234,219,44,18,17,9,14,p0:1; p2:33; p3:12; p4:2; p15:1,4875,0,0,41,39,143200.00,13879740.70,N,p0:2; p1:14; p2:9; p3:17,0,10,0,0,0,4161.00,2410955.60,Y
1234,220,52,25,16,13,6,p0:2; p2:21; p3:20; p9:1; p13:5,4997,0,0,27,29,142400.80,14022141.50,N,p0:4; p1:6; p2:13; p3:16,4,1,0,0,0,3666.10,2414621.70,Y
1234,221,49,17,12,16,10,p1:1; p2:20; p3:13; p9:15,4994,0,0,24,35,134608.70,14156750.20,N,p0:1; p1:10; p2:16; p3:12; p5:2,5,0,0,0,0,3550.00,2418171.70,Y
1234,222,41,16,5,19,15,p2:43; p3:2; p5:4,5033,0,0,52,25,154870.10,14311620.30,N,p1:15; p2:19; p3:6; p5:5,22,0,1,0,0,3634.90,2421806.60,Y
1234,223,53,5,19,16,10,p1:1; p2:29; p3:11; p4:2; p14:5; p15:1,5010,0,0,21,59,140190.00,14451810.30,N,p1:10; p2:16; p3:18,11,13,0,0,0,4665.30,2426471.90,Y
1234,224,63,7,9,31,2,p0:1; p2:43; p3:3; p4:1; p15:1,5028,0,0,55,43,159613.40,14611423.70,N,p1:2; p2:31; p3:9,12,15,0,0,0,3079.50,2429551.40,Y
1234,225,78,3,12,10,16,p0:1; p2:10; p3:2; p4:5; p12:30; p15:1,5272,0,0,36,41,201480.10,14812903.80,N,p0:5; p1:16; p2:10; p3:12,0,24,0,0,0,3642.40,2433193.80,Y
1234,226,26,33,18,19,2,p2:21; p3:28,5302,0,0,40,32,136277.60,14949181.40,N,p1:2; p2:19; p3:18,14,9,0,0,0,4486.90,2437680.70,Y
1234,227,18,33,12,17,9,p0:1; p2:24; p3:2; p5:13; p13:9,5476,0,0,22,22,147945.20,15097126.60,N,p1:9; p2:17; p3:12; p5:6,45,0,0,0,0,5230.00,2442910.70,Y
1234,228,49,11,15,18,10,p1:1; p2:19; p3:11; p4:1; p9:15; p15:2,5439,0,0,33,35,111796.40,15208923.00,N,p1:10; p2:18; p3:15,42,4,0,0,0,4268.40,2447179.10,Y
1234,229,75,4,30,4,8,p2:23; p3:9; p4:12; p12:5,5394,15,12,17,27,90061.50,15298984.50,Y,p0:3; p1:8; p2:4; p3:30,1,30,0,0,0,7157.00,2454336.10,Y
1234,230,69,19,8,16,8,p1:13; p2:18; p9:18,5426,0,0,26,56,89482.60,15388467.10,Y,p0:5; p1:8; p2:16; p3:8,2,19,0,0,0,2679.90,2457016.00,Y
1234,231,19,25,35,10,2,p2:28; p3:18; p4:2; p15:1,5408,0,0,55,47,127970.60,15516437.70,N,p1:2; p2:10; p3:35,5,29,0,0,0,8182.90,2465198.90,Y
1234,232,80,19,21,0,9,p0:1; p2:31; p3:14; p4:2; p15:1,5583,0,0,41,33,167496.20,15683933.90,N,p0:11; p1:9; p3:21,0,31,0,0,0,5313.10,2470512.00,Y
1234,233,27,14,18,14,14,p0:1; p2:30; p3:12; p4:5; p15:1,5760,0,0,33,21,148200.20,15832134.10,N,p1:14; p2:14; p3:18,15,35,0,0,0,5423.50,2475935.50,Y
1234,234,37,16,23,8,12,p1:1; p2:26; p3:19; p4:1; p9:1; p15:1,5775,0,0,33,37,131539.00,15963673.10,N,p1:12; p2:8; p3:23,6,42,0,0,0,6348.20,2482283.70,Y
1234,235,16,31,29,1,12,p2:21; p3:26; p4:2,5717,0,0,54,24,123847.40,16087520.50,N,p1:12; p2:1; p3:29,4,40,0,0,0,7320.00,2489603.70,Y
1234,236,106,2,18,1,13,p1:1; p2:20; p3:3; p4:9; p12:15; p15:1,5739,0,0,42,58,191928.00,16279448.50,N,p0:15; p1:13; p2:1; p3:18,3,56,0,0,0,5607.60,2495211.30,Y
1234,237,33,28,25,12,3,p0:1; p2:22; p3:24; p4:1; p9:1,5816,0,0,30,54,131085.20,16410533.70,N,p0:1; p1:3; p2:12; p3:25,3,53,0,0,0,6937.30,2502148.60,Y
1234,238,54,22,15,17,4,p0:1; p2:20; p3:18; p9:8; p13:2,5910,0,0,22,45,145655.10,16556188.80,N,p0:3; p1:4; p2:17; p3:15,5,46,0,0,0,4874.60,2507023.20,Y
1234,239,54,8,17,17,9,p2:27; p3:9; p9:9; p15:4,5951,0,0,54,30,118859.20,16675048.00,N,p0:1; p1:9; p2:17; p3:17,0,55,0,0,0,5575.50,2512598.70,Y
1234,240,24,25,20,5,15,p0:1; p1:1; p2:23; p3:19; p4:1; p9:1; p14:3,5918,0,0,43,48,158096.30,16833144.30,N,p1:15; p2:5; p3:20,1,50,0,0,0,5919.00,2518517.70,Y
1234,241,70,14,13,12,10,p0:1; p2:30; p3:11; p4:1; p9:1; p14:4; p15:1,6085,0,0,30,43,152328.90,16985473.20,N,p0:6; p1:10; p2:12; p3:13,1,49,0,0,0,4528.90,2523046.60,Y
1234,242,52,32,10,15,5,p2:22; p3:27,6063,0,5,34,37,159920.80,17145394.00,N,p0:3; p1:5; p2:15; p3:10,2,27,0,0,0,3240.70,2526287.30,Y
1234,243,68,12,12,19,6,p0:1; p2:31; p3:1; p5:2; p11:1; p13:12; p14:1,6311,0,0,32,28,158824.00,17304218.00,N,p0:4; p1:6; p2:19; p3:12,2,27,0,0,0,3740.70,2530028.00,Y
1234,244,24,21,34,3,9,p1:1; p2:21; p3:24; p4:2; p15:1,6281,0,0,24,39,118903.90,17423121.90,N,p0:2; p1:9; p2:3; p3:34,5,40,0,0,0,8314.00,2538342.00,Y
1234,245,57,21,15,8,12,p0:1; p2:14; p3:15; p9:13; p13:6,6370,0,0,32,31,140277.90,17563399.80,N,p0:4; p1:12; p2:8; p3:15,0,34,0,0,0,4423.40,2542765.40,Y
1234,246,52,10,31,6,8,p1:1; p2:17; p3:26; p4:5,6373,0,0,19,38,99786.10,17663185.90,Y,p0:5; p1:8; p2:6; p3:30; p4:1,0,54,0,0,0,8165.40,2550930.80,Y
1234,247,27,25,15,14,11,p2:29; p3:10; p9:7; p15:3,6394,0,0,54,29,143431.90,17806617.80,N,p1:11; p2:14; p3:15,12,44,0,0,0,4992.40,2555923.20,Y
1234,248,46,28,24,2,9,p0:1; p1:4; p2:13; p3:23; p4:1; p9:3; p13:4,6473,0,0,41,24,152352.50,17958970.30,N,p0:4; p1:9; p2:2; p3:24,3,40,0,0,0,6266.00,2562189.20,Y
1234,249,44,20,13,16,9,p0:2; p1:5; p2:3; p3:15; p9:12; p13:12,6530,0,0,41,28,168267.70,18127238.00,N,p1:9; p2:16; p3:13,0,33,0,0,0,4093.30,2566282.50,Y
1234,250,68,24,20,12,1,p0:1; p1:1; p2:17; p3:20; p9:10,6508,0,0,47,37,156455.20,18283693.20,N,p0:8; p1:1; p2:12; p3:20,5,29,0,0,0,5202.90,2571485.40,Y
1234,251,57,36,12,4,10,p0:2; p2:16; p3:31,6553,0,7,35,31,166874.10,18450567.30,N,p0:6; p1:10; p2:4; p3:12,2,5,0,0,0,2858.50,2574343.90,Y
1234,252,65,22,14,13,6,p0:1; p2:23; p3:1; p5:8; p13:15; p14:1,6793,0,7,11,11,164560.90,18615128.20,N,p0:5; p1:6; p2:13; p3:15; p5:1,0,0,1,0,0,3706.90,2578050.80,Y
1234,253,8,15,1,25,20,p2:13; p3:11; p4:7; p5:3; p13:15,6831,0,0,48,4,191005.60,18806133.80,N,p1:20; p2:23; p5:7,65,0,0,0,0,64030.00,2642080.80,N
1234,254,55,28,18,8,7,p1:1; p3:13; p5:5; p9:1; p13:20; p14:6; p19:3,6809,0,0,45,25,169087.00,18975220.80,N,p1:7; p2:8; p3:18; p5:5,38,0,0,0,0,5832.00,2647912.80,Y
1234,255,59,32,15,4,10,p0:1; p1:1; p2:11; p3:27; p9:1; p13:8,6779,0,0,43,34,170380.10,19145600.90,N,p1:10; p2:4; p3:16; p5:8,5,0,1,0,0,5836.90,2653749.70,Y
1234,256,58,21,20,3,12,p0:1; p2:3; p3:4; p5:6; p13:17; p14:10; p19:8,7001,0,0,39,19,168467.40,19314068.30,N,p0:6; p1:12; p2:3; p3:19; p5:1,2,0,0,0,0,4408.00,2658157.70,Y
1234,257,24,25,21,4,15,p0:2; p1:1; p3:21; p9:11; p13:14,6978,0,0,35,29,162377.20,19476445.50,N,p1:15; p2:4; p3:21; p5:2,3,0,0,0,0,5182.00,2663339.70,Y
1234,258,62,21,13,15,6,p1:1; p2:1; p3:16; p4:1; p9:13; p13:17,6906,0,0,43,46,176069.70,19652515.20,N,p0:4; p1:6; p2:15; p3:13; p5:4,5,0,0,0,0,4210.00,2667549.70,Y
1234,259,107,37,6,5,3,p0:1; p3:2; p4:17; p5:14; p12:9; p14:6,7028,0,0,31,35,197151.80,19849667.00,N,p0:13; p1:3; p2:5; p3:7; p5:15,4,0,1,0,0,5862.90,2673412.60,Y
1234,260,96,16,3,12,11,p0:1; p2:10; p3:2; p4:21; p5:4; p12:11,7240,0,0,22,33,203883.50,20053550.50,N,p0:9; p1:11; p2:12; p3:2; p5:7,4,0,0,0,0,2876.00,2676288.60,Y
1234,261,56,52,8,9,2,p2:2; p3:10; p4:6; p5:17; p12:1; p13:13,7293,0,0,34,28,216342.60,20269893.10,N,p0:2; p1:2; p2:9; p3:8; p5:22,2,0,0,0,0,8008.00,2684296.60,Y
1234,262,10,22,33,11,5,p1:1; p2:17; p3:27; p4:4,7305,3,0,5,42,112367.40,20382260.50,Y,p1:5; p2:11; p3:33,19,11,0,0,0,7517.10,2691813.70,Y
1234,263,16,2,23,30,4,p2:25; p3:19; p4:4; p9:1,7332,0,0,32,29,112207.30,20494467.80,Y,p1:4; p2:30; p3:16,67,25,0,0,0,146270.50,2838084.20,N
1234,264,34,40,16,0,13,p1:1; p2:5; p3:15; p9:9; p13:13; p14:5; p15:1,7347,0,0,26,47,154592.90,20649060.70,N,p1:13; p3:16,46,1,0,0,0,4134.10,2842218.30,Y
1234,265,19,22,24,15,7,p0:1; p2:22; p3:21; p4:5,7472,0,0,18,44,146532.60,20795593.30,N,p1:7; p2:15; p3:24,64,3,0,0,0,6226.30,2848444.60,Y
1234,266,9,30,25,16,3,p2:23; p3:26,7469,0,0,36,33,166123.70,20961717.00,N,p1:3; p2:16; p3:25; p5:1,91,0,0,0,0,6934.00,2855378.60,Y
1234,267,51,26,16,6,11,p0:1; p1:1; p2:1; p3:21; p9:10; p13:15,7498,0,0,44,21,181800.50,21143517.50,N,p1:11; p2:6; p3:16; p5:5,68,0,0,0,0,5892.00,2861270.60,Y
1234,268,86,24,8,3,13,p1:1; p3:2; p4:7; p5:8; p13:11; p14:6; p15:6; p19:8,7538,0,0,27,54,191607.30,21335124.80,N,p1:13; p2:3; p3:8; p5:8,9,0,0,0,0,4286.00,2865556.60,Y
1234,269,8,38,15,17,7,p2:17; p3:32,7516,0,3,41,46,194979.80,21530104.60,N,p1:7; p2:17; p3:15; p5:11,53,0,0,0,0,20202.00,2885758.60,N
1234,270,58,35,14,4,8,p0:1; p3:3; p4:1; p5:13; p9:1; p13:17; p14:5; p15:8,7667,0,0,31,38,193745.70,21723850.30,N,p1:8; p2:4; p3:15; p5:10,21,0,1,0,0,6380.90,2892139.50,Y
1234,271,61,33,7,11,8,p0:1; p2:2; p3:2; p4:8; p5:12; p12:3; p13:15; p14:6,7844,0,0,15,29,206715.20,21930565.50,N,p1:8; p2:11; p3:7; p5:13,3,0,1,0,0,5508.90,2897648.40,Y
1234,272,51,24,10,16,9,p0:9; p2:1; p3:19; p4:1; p9:19,7905,0,0,14,23,189858.10,22120423.60,N,p1:9; p2:16; p3:10; p5:7,0,0,1,0,0,4506.90,2902155.30,Y
1234,273,18,19,20,21,6,p0:8; p2:1; p3:14; p4:1; p9:22; p13:3,7969,0,0,28,8,191528.80,22311952.40,N,p1:6; p2:21; p3:19,30,0,0,0,0,4760.00,2906915.30,Y
1234,274,18,1,34,9,15,p1:1; p2:12; p3:18; p4:14; p15:1; p19:3,7927,5,0,10,36,160136.30,22472088.70,N,p1:15; p2:9; p3:26,45,25,0,0,0,167862.50,3074777.80,N
1234,275,75,12,18,18,1,p2:24; p3:13; p4:11; p15:1,7997,0,0,25,20,179646.50,22651735.20,N,p1:1; p2:18; p3:18,7,31,0,0,0,5011.10,3079788.90,Y
1234,276,2,29,5,20,16,p0:1; p1:1; p3:6; p9:22; p13:19,7984,0,0,41,28,191343.70,22843078.90,N,p1:16; p2:20; p3:5,61,7,0,0,0,2784.70,3082573.60,Y
1234,277,62,2,26,6,13,p1:1; p3:4; p4:31; p15:13,7985,0,0,33,50,242999.90,23086078.80,N,p1:13; p2:6; p3:26,24,31,0,0,0,6849.10,3089422.70,Y
1234,278,60,26,14,8,9,p2:30; p3:19,8034,0,0,53,42,187237.50,23273316.30,N,p0:2; p1:9; p2:8; p3:14,1,19,0,0,0,3725.90,3093148.60,Y
1234,279,13,31,23,11,8,p0:2; p1:1; p2:1; p3:25; p9:1; p13:15; p15:4,8127,0,0,46,35,201587.30,23474903.60,N,p1:8; p2:11; p3:23,18,11,0,0,0,5563.10,3098711.70,Y
1234,280,47,21,22,8,8,p0:1; p1:1; p2:1; p3:16; p9:9; p13:17; p15:4,8248,0,0,39,25,190881.20,23665784.80,N,p0:1; p1:8; p2:8; p3:22,1,12,0,0,0,5095.20,3103806.90,Y
1234,281,29,40,2,17,11,p1:1; p3:4; p4:2; p5:15; p9:1; p13:19; p15:7,8224,0,2,26,44,203136.80,23868921.60,N,p1:11; p2:17; p3:2; p5:13,30,0,0,0,0,5020.00,3108826.90,Y
1234,282,70,27,1,14,11,p2:5; p3:2; p5:10; p13:16; p14:4; p15:8; p19:4,8268,0,0,60,31,189678.30,24058599.90,N,p1:11; p2:14; p3:1; p5:13,12,0,0,0,0,4508.00,3113334.90,Y
1234,283,42,41,8,4,13,p0:1; p1:2; p3:7; p5:14; p13:17; p15:8,8411,0,0,57,18,204913.50,24263513.40,N,p1:13; p2:4; p3:9; p5:16,7,0,1,0,0,6764.90,3120099.80,Y
1234,284,35,34,14,3,15,p1:1; p3:14; p5:7; p9:1; p13:19; p15:7,8380,0,0,43,37,205402.00,24468915.40,N,p1:15; p2:3; p3:14; p5:10,3,0,1,0,0,6048.90,3126148.70,Y
1234,285,67,26,4,15,9,p0:1; p3:2; p5:9; p9:1; p13:19; p15:16; p19:1,8560,0,0,30,33,204525.90,24673441.30,N,p0:3; p1:9; p2:15; p3:4; p5:11,4,0,1,0,0,4462.90,3130611.60,Y
1234,286,58,21,18,14,4,p0:14; p2:1; p3:17; p9:17,8598,0,0,38,25,186625.90,24860067.20,N,p0:4; p1:4; p2:14; p3:17; p5:2,4,0,0,0,0,4376.00,3134987.60,Y
1234,287,67,15,19,10,8,p1:1; p3:14; p4:1; p9:7; p13:15; p14:9; p15:2,8552,0,0,31,44,166131.50,25026198.70,N,p0:6; p1:8; p2:10; p3:19,1,4,0,0,0,4294.40,3139282.00,Y
1234,288,81,30,1,14,7,p2:3; p3:2; p5:11; p13:16; p15:17,8588,0,0,53,32,207000.50,25233199.20,N,p0:6; p1:7; p2:14; p3:2; p5:12,3,0,1,0,0,4268.90,3143550.90,Y
1234,289,49,6,18,15,12,p1:1; p3:10; p4:1; p9:7; p13:12; p14:12; p15:6,8603,0,0,51,41,138183.60,25371382.80,Y,p0:1; p1:12; p2:15; p3:17,2,11,0,0,0,4299.10,3147850.00,Y
1234,290,20,22,16,9,17,p0:1; p1:1; p3:14; p4:4; p9:5; p13:10; p15:14,8778,0,0,44,30,205084.20,25576467.00,N,p1:17; p2:9; p3:16,17,5,0,0,0,4108.50,3151958.50,Y
1234,291,5,32,17,12,12,p0:20; p3:26; p9:3,8857,0,0,32,21,211342.90,25787809.90,N,p1:12; p2:12; p3:17; p5:5,53,0,0,0,0,6022.00,3157980.50,Y
1234,292,46,27,10,15,9,p1:1; p2:3; p3:3; p4:2; p5:9; p9:1; p13:19; p15:11,8876,0,0,10,43,209476.90,25997286.80,N,p1:9; p2:15; p3:11; p5:8,54,0,1,0,0,5722.90,3163703.40,Y
1234,293,28,6,10,23,15,p0:1; p2:19; p3:4; p4:16; p9:1; p15:8,8996,0,0,23,32,217133.50,26214420.30,N,p1:15; p2:23; p3:9,87,3,0,0,0,3868.30,3167571.70,Y
1234,294,75,18,13,7,11,p0:14; p2:1; p3:13; p9:21,9084,0,0,38,29,207227.10,26421647.40,N,p1:11; p2:7; p3:13; p5:1,38,0,0,0,0,3772.00,3171343.70,Y
1234,295,25,28,33,7,3,p1:1; p2:1; p3:28; p4:4; p13:14; p14:1,9083,0,0,22,41,158319.90,26579967.30,N,p1:3; p2:7; p3:33,30,5,0,0,0,7370.50,3178714.20,Y
1234,296,28,32,16,17,5,p2:23; p3:26,9066,0,10,29,23,213670.60,26793637.90,N,p1:5; p2:17; p3:17; p5:5,46,0,1,0,0,5930.90,3184645.10,Y
1234,297,65,9,0,17,18,p0:2; p1:6; p3:3; p9:24; p13:14,9191,0,2,44,12,220232.60,27013870.50,N,p1:18; p2:17; p3:1; p5:4,37,0,2,0,0,2631.80,3187276.90,Y
1234,298,7,37,11,9,17,p1:1; p3:3; p5:14; p9:1; p13:20; p15:10,9179,0,0,29,44,216138.90,27230009.40,N,p1:17; p2:9; p3:9; p5:14,79,0,0,0,0,7346.00,3194622.90,Y
1234,299,59,21,22,16,0,p2:32; p3:17,9229,0,0,40,32,189295.60,27419305.00,N,p2:16; p3:22,52,1,0,0,0,5478.10,3200101.00,Y
1234,300,0,0,0,0,0,p0:1; p3:7; p5:9; p9:1; p13:20; p15:11,0,0,0,0,0,4340.00,27423645.00,Y,,52,1,0,0,0,758.10,3200859.10,Y
