RunSeed,Dia,Demanda_200mm,Demanda_430mm,Demanda_670mm,Demanda_790mm,Demanda_990mm,RL_Patterns,Estoque_200mm,Estoque_430mm,Estoque_670mm,Estoque_790mm,Estoque_990mm,RL_DailyCost,RL_CumCost,RL_DemandMet,SheetsUsed,Scrap_mm,ScrapCost,InvCost,LostSale_mm,LostSaleCost,ServedFromInv,Served_mm
1234,1,5,48,4,13,14,p1:16; p2:8; p5:23,5,0,0,0,3,74757.90,74757.90,N,47,3490.0,6980.00,277.90,2250,67500.00,65,46200
1234,2,58,4,16,26,4,p1:7; p2:26; p3:16,60,0,0,0,0,4720.00,79477.90,Y,49,1940.0,3880.00,840.00,0,0.00,31,48540
1234,3,5,20,16,15,17,p1:9; p2:20; p3:8,0,11,0,0,0,5111.10,84589.00,Y,37,2390.0,4780.00,331.10,0,0.00,127,49000
1234,4,148,5,6,8,6,p1:26; p2:22; p3:1,0,0,0,0,19,2676.70,87265.70,Y,49,680.0,1360.00,1316.70,0,0.00,68,48030
1234,5,72,15,8,22,4,p1:23; p2:12; p3:10; p4:3; p10:1,0,0,0,7,30,7246.10,94511.80,Y,49,2390.0,4780.00,2466.10,0,0.00,44,47550
1234,6,26,48,21,2,7,p2:5; p3:15; p5:20; p10:9,0,20,0,3,24,12491.10,107002.90,Y,49,5030.0,10060.00,2431.10,0,0.00,47,48420
1234,7,41,4,37,9,6,p0:3; p1:4; p2:4; p4:7; p10:7; p15:10; p17:6,40,6,0,20,19,106283.30,213286.20,N,41,1310.0,2620.00,3163.30,3350,100500.00,72,44410
1234,8,30,14,18,19,9,p1:8; p3:8; p4:11; p5:9; p10:13,9,3,18,5,22,12081.60,225367.80,Y,49,4610.0,9220.00,2861.60,0,0.00,121,48000
1234,9,61,34,6,15,5,p1:25; p2:16,9,0,18,11,34,4754.70,230122.50,Y,41,410.0,820.00,3934.70,0,0.00,83,47640
1234,10,57,36,0,10,13,p1:7; p2:6; p3:6; p5:12; p13:11; p17:7,36,0,9,26,31,48412.20,278534.70,N,49,2600.0,5200.00,4512.20,1290,38700.00,84,46360
1234,11,49,26,15,17,3,p1:1; p2:4; p3:4; p5:8; p13:32,33,0,0,63,26,86947.70,365482.40,N,49,1900.0,3800.00,5747.70,2580,77400.00,105,44850
1234,12,86,17,26,0,6,p0:1; p1:34; p3:12,76,0,0,50,60,95727.00,461209.40,N,47,1570.0,3140.00,7987.00,2820,84600.00,16,45050
1234,13,0,23,37,13,3,p0:1; p1:9; p3:35; p10:4,23,5,9,34,48,15541.20,476750.60,Y,49,4720.0,9440.00,6101.20,0,0.00,111,47920
1234,14,61,19,1,16,14,p1:38,7,0,0,30,72,7506.60,484257.20,Y,38,380.0,760.00,6746.60,0,0.00,86,47540
1234,15,54,32,11,4,14,p0:4; p2:9; p3:6; p5:10,0,0,0,20,69,22967.70,507224.90,N,29,2090.0,4180.00,5887.70,430,12900.00,85,48520
1234,16,72,21,11,19,3,p0:1; p1:14; p2:4; p3:6; p5:6; p13:18,0,0,0,50,57,69135.10,576360.00,N,49,1810.0,3620.00,6715.10,1960,58800.00,92,46820
1234,17,78,25,5,7,12,p0:3; p1:10; p2:1; p3:6; p5:6; p6:3; p13:20,152,0,0,42,35,62396.10,638756.10,N,49,1960.0,3920.00,6876.10,1720,51600.00,96,45390
1234,18,64,13,1,9,22,p0:4; p1:1; p2:7; p3:7; p13:30,242,0,3,54,17,87273.00,726029.10,N,49,1090.0,2180.00,7693.00,2580,77400.00,60,45370
1234,19,11,9,4,26,19,p0:1; p1:45; p3:3,295,0,0,43,36,87902.70,813931.80,N,49,750.0,1500.00,9002.70,2580,77400.00,47,45520
1234,20,4,11,12,11,26,p1:21; p2:4; p3:6; p13:18,329,0,0,60,43,77483.90,891415.70,N,49,1040.0,2080.00,10903.90,2150,64500.00,60,45850
1234,21,40,28,16,13,7,p1:27; p3:21,308,0,0,52,67,106870.70,998286.40,N,48,2370.0,4740.00,11830.70,3010,90300.00,76,44950
1234,22,60,4,38,8,3,p3:14; p4:18,330,0,0,32,63,38335.50,1036621.90,N,32,3740.0,7480.00,10755.50,670,20100.00,48,47800
1234,23,14,39,13,20,4,p2:4; p3:21; p5:3; p17:1,292,0,0,19,50,26823.70,1063445.60,N,29,2660.0,5320.00,8603.70,430,12900.00,88,47610
1234,24,49,3,16,17,13,p1:12; p2:4; p3:2; p4:3; p10:8; p15:5; p17:15,322,0,0,47,41,65128.40,1128574.00,N,49,1040.0,2080.00,9948.40,1770,53100.00,91,46340
1234,25,65,20,6,16,10,p0:5; p3:11; p5:3; p13:1; p15:1,320,0,0,38,23,24515.30,1153089.30,N,21,1720.0,3440.00,8175.30,430,12900.00,69,47730
1234,26,35,26,7,9,18,p1:1; p3:4; p5:11; p10:3,283,0,0,23,21,11029.20,1164118.50,Y,19,2170.0,4340.00,6689.20,0,0.00,75,47800
1234,27,47,33,15,15,3,p1:1; p3:13; p4:1; p5:20; p9:1; p10:12; p17:1,259,6,6,10,18,16348.40,1180466.90,Y,49,5230.0,10460.00,5888.40,0,0.00,98,48460
1234,28,33,19,29,13,4,p1:15; p2:7; p3:4; p4:2; p5:13; p10:8,276,9,14,0,27,12702.60,1193169.50,Y,49,3020.0,6040.00,6662.60,0,0.00,80,48430
1234,29,12,25,20,20,6,p1:19; p2:15,266,0,8,0,42,7689.80,1200859.30,Y,34,340.0,680.00,7009.80,0,0.00,90,48290
1234,30,59,26,6,21,4,p2:29; p3:9; p5:6,262,0,1,10,41,11169.20,1212028.50,Y,44,2030.0,4060.00,7109.20,0,0.00,99,47550
1234,31,68,33,16,10,1,p2:19; p3:9; p5:10,257,0,0,19,38,12262.10,1224290.60,Y,38,2490.0,4980.00,7282.10,0,0.00,76,47400
1234,32,53,27,22,10,3,p2:10; p3:20; p5:3; p10:11; p17:5,207,10,6,14,32,14912.20,1239202.80,Y,49,4220.0,8440.00,6472.20,0,0.00,119,47820
1234,33,73,6,19,15,6,p1:7; p2:9; p3:3; p4:1,185,0,6,2,35,6587.50,1245790.30,Y,20,590.0,1180.00,5407.50,0,0.00,91,47700
1234,34,49,34,4,21,4,p1:8; p2:13; p3:6; p5:6; p9:1; p10:9; p17:6,211,0,3,20,22,48065.30,1293855.60,N,49,1820.0,3640.00,5725.30,1290,38700.00,98,46360
1234,35,56,6,9,20,13,p1:16; p2:11; p3:4; p10:11; p17:7,234,1,14,7,27,11360.90,1305216.50,Y,49,2570.0,5140.00,6220.90,0,0.00,78,48480
1234,36,15,16,12,24,11,p1:10; p2:13; p3:4,253,0,8,0,28,7117.60,1312334.10,Y,27,630.0,1260.00,5857.60,0,0.00,61,47770
1234,37,17,31,10,20,9,p1:9; p2:4; p3:5; p5:8; p9:9; p10:14,321,0,0,20,21,75535.30,1387869.40,N,49,1990.0,3980.00,7055.30,2150,64500.00,50,45990
1234,38,13,25,22,16,8,p3:12; p4:2; p5:20; p9:2; p10:13,215,25,12,19,15,16735.50,1404604.90,Y,49,5160.0,10320.00,6415.50,0,0.00,146,48650
1234,39,110,4,25,1,6,p1:11; p2:5; p3:3,221,0,4,4,21,5878.10,1410483.00,Y,19,460.0,920.00,4958.10,0,0.00,79,47200
1234,40,15,40,11,20,5,p1:5; p2:16; p3:10; p4:1; p5:5; p10:12,245,0,15,11,10,11654.80,1422137.80,Y,49,3110.0,6220.00,5434.80,0,0.00,73,48320
1234,41,13,24,18,9,16,p1:16; p2:14; p3:3; p10:15; p13:1,206,0,16,12,25,10630.50,1432768.30,Y,49,2300.0,4600.00,6030.50,0,0.00,129,47930
1234,42,83,16,19,13,1,p1:21; p2:12; p3:1; p10:6; p17:9,245,0,31,0,38,11577.30,1444345.60,Y,49,2030.0,4060.00,7517.30,0,0.00,54,47470
1234,43,6,43,2,24,8,p1:1; p2:19; p3:4; p5:10; p10:8; p13:7,301,0,19,22,26,76943.50,1521289.10,N,49,2160.0,4320.00,8123.50,2150,64500.00,67,45760
1234,44,25,19,16,13,13,p1:1; p2:4; p3:1; p5:7; p9:4; p13:32,326,0,10,49,16,63451.50,1584740.60,N,49,1500.0,3000.00,8851.50,1720,51600.00,100,45310
1234,45,65,16,10,14,11,p0:1; p1:38; p3:10,335,0,3,47,40,64841.80,1649582.40,N,49,1520.0,3040.00,10201.80,1720,51600.00,69,46810
1234,46,36,33,17,2,14,p1:2; p2:6; p3:6; p5:10; p6:3; p13:22,355,0,2,71,33,68517.00,1718099.40,N,49,2820.0,5640.00,11277.00,1720,51600.00,81,46500
1234,47,60,44,7,6,8,p0:3; p1:3; p2:2; p3:6; p5:16; p13:19,496,0,0,51,26,94706.10,1812805.50,N,49,2870.0,5740.00,11566.10,2580,77400.00,66,45690
1234,48,28,9,20,20,10,p1:21; p3:10; p10:10; p17:8,462,11,2,24,45,17558.60,1830364.10,Y,49,3110.0,6220.00,11338.60,0,0.00,108,48570
1234,49,55,9,15,27,2,p1:21; p2:6; p4:3,488,0,0,12,65,13320.10,1843684.20,Y,30,660.0,1320.00,12000.10,0,0.00,48,48230
1234,50,13,38,22,18,1,p0:1; p1:4; p2:20; p3:24,525,0,9,0,59,18060.80,1861745.00,Y,49,3100.0,6200.00,11860.80,0,0.00,52,48890
1234,51,9,25,3,35,6,p2:24; p3:4; p5:9; p17:12,506,0,22,6,56,18728.40,1880473.40,Y,49,3200.0,6400.00,12328.40,0,0.00,110,48150
1234,52,76,36,4,15,3,p2:21; p3:7; p5:8,537,0,11,9,48,28818.00,1909291.40,N,36,2030.0,4060.00,11858.00,430,12900.00,63,47750
1234,53,19,22,18,18,8,p1:9; p2:20; p3:6; p5:6; p13:8,590,0,4,35,40,68395.10,1977686.50,N,49,1820.0,3640.00,13155.10,1720,51600.00,62,45740
1234,54,29,38,13,12,8,p1:4; p2:4; p3:6; p5:13; p13:22,597,0,0,56,39,97017.50,2074704.00,N,49,2730.0,5460.00,14157.50,2580,77400.00,87,45670
1234,55,66,19,26,8,3,p0:5; p1:28; p2:1; p3:15,641,0,0,52,53,90802.50,2165506.50,N,49,1790.0,3580.00,15522.50,2390,71700.00,41,45690
1234,56,22,23,24,5,14,p1:1; p2:1; p3:24; p4:1,572,0,0,48,45,18880.90,2184387.40,Y,27,2550.0,5100.00,13780.90,0,0.00,90,48180
1234,57,74,37,7,5,9,p1:2; p2:1; p3:15; p5:9; p13:2; p17:1,551,0,0,31,45,18726.80,2203114.20,Y,30,3090.0,6180.00,12546.80,0,0.00,66,48260
1234,58,34,27,21,18,2,p3:8; p5:7; p13:5; p15:1,551,0,5,15,33,15744.90,2218859.10,Y,21,2340.0,4680.00,11064.90,0,0.00,35,48680
1234,59,6,49,1,16,12,p2:9; p3:9; p5:20,567,0,0,17,30,18537.10,2237396.20,Y,38,3790.0,7580.00,10957.10,0,0.00,46,47460
1234,60,22,41,26,7,3,p3:14; p5:18; p9:1; p10:15; p17:1,531,0,23,2,16,20532.10,2257928.30,Y,49,5400.0,10800.00,9732.10,0,0.00,99,47950
1234,61,46,22,5,15,14,p1:9; p2:24; p3:1; p4:1; p10:14,538,0,29,7,20,14725.20,2272653.50,Y,49,2030.0,4060.00,10665.20,0,0.00,99,47720
1234,62,50,26,11,19,5,p1:2; p2:32; p3:1; p5:5; p10:9,586,2,16,22,11,16073.50,2288727.00,Y,49,2540.0,5080.00,10993.50,0,0.00,92,48510
1234,63,33,17,14,17,11,p1:49,547,0,11,14,57,13878.20,2302605.20,Y,49,490.0,980.00,12898.20,0,0.00,106,47610
1234,64,88,40,5,8,3,p2:12; p3:7; p5:15,567,0,6,17,47,31156.60,2333761.80,N,34,2920.0,5840.00,12416.60,430,12900.00,50,47010
1234,65,19,44,12,9,10,p2:10; p3:10; p5:17,543,0,16,9,41,18651.40,2352413.20,Y,37,3480.0,6960.00,11691.40,0,0.00,85,47770
1234,66,61,36,0,18,6,p1:8; p2:14; p3:6; p5:13; p13:8,567,0,5,33,36,69552.20,2421965.40,N,49,2730.0,5460.00,12492.20,1720,51600.00,80,46120
1234,67,51,38,17,7,5,p1:5; p2:4; p3:6; p5:13; p6:2; p13:19,591,0,0,50,29,70748.70,2492714.10,N,49,3050.0,6100.00,13048.70,1720,51600.00,83,46690
1234,68,53,13,22,12,7,p1:15; p3:13,581,0,0,46,33,15864.70,2508578.80,Y,28,1450.0,2900.00,12964.70,0,0.00,42,47340
1234,69,25,32,22,4,11,p1:10; p3:28; p10:8; p13:3,567,0,0,32,40,20679.60,2529258.40,Y,49,4100.0,8200.00,12479.60,0,0.00,69,47550
1234,70,24,24,28,14,3,p0:2; p1:13; p2:10; p3:12; p10:9; p13:3,571,0,1,30,40,17931.90,2547190.30,Y,49,2730.0,5460.00,12471.90,0,0.00,91,47910
1234,71,41,16,16,12,13,p1:8; p2:17; p3:7,561,0,0,33,41,14420.20,2561610.50,Y,32,950.0,1900.00,12520.20,0,0.00,81,48150
1234,72,52,22,15,14,7,p3:9; p5:7; p10:1,522,0,2,19,32,14470.10,2576080.60,Y,17,1900.0,3800.00,10670.10,0,0.00,70,47900
1234,73,44,40,3,14,9,p1:6; p2:10; p3:7; p5:14; p13:12,549,0,0,43,27,82335.00,2658415.60,N,49,2950.0,5900.00,11935.00,2150,64500.00,63,45830
1234,74,44,29,27,4,6,p0:1; p1:23; p3:25,554,0,5,26,33,17915.20,2676330.80,Y,49,3100.0,6200.00,11715.20,0,0.00,58,48460
1234,75,21,31,6,17,14,p2:10; p3:4; p5:12; p13:1; p17:2,497,0,3,35,18,15241.60,2691572.40,Y,29,2480.0,4960.00,10281.60,0,0.00,114,48840
1234,76,89,20,9,1,15,p1:4; p2:6; p3:7; p5:4; p13:28,470,0,6,60,18,79226.80,2770799.20,N,49,1650.0,3300.00,11426.80,2150,64500.00,123,45920
1234,77,105,28,4,10,4,p1:8; p3:7; p5:7; p6:2; p13:25,464,0,0,44,40,80921.20,2851720.40,N,49,2360.0,4720.00,11701.20,2150,64500.00,94,45430
1234,78,53,11,13,16,12,p0:8; p1:1; p2:8; p3:8; p13:2; p17:1,498,0,7,36,26,13472.90,2865193.30,Y,28,1190.0,2380.00,11092.90,0,0.00,66,48560
1234,79,31,26,4,16,15,p2:6; p3:1; p5:9; p6:2; p13:31,539,0,0,61,23,81173.20,2946366.50,N,49,2080.0,4160.00,12513.20,2150,64500.00,74,45400
1234,80,50,30,18,13,3,p3:14; p5:6; p13:4,516,0,0,46,13,15948.70,2962315.20,Y,24,2640.0,5280.00,10668.70,0,0.00,62,48200
1234,81,29,25,14,15,10,p3:7; p5:11; p10:5,435,2,0,23,10,13195.10,2975510.30,Y,23,2540.0,5080.00,8115.10,0,0.00,126,47680
1234,82,87,2,13,23,3,p1:40; p2:8; p4:1,410,0,0,16,36,30459.60,3005969.90,N,49,620.0,1240.00,9119.60,670,20100.00,117,47440
1234,83,85,10,1,16,14,p1:8; p2:19; p3:8,440,0,0,18,23,10889.30,3016859.20,Y,35,1070.0,2140.00,8749.30,0,0.00,61,48470
1234,84,16,7,11,17,21,p1:8; p2:17; p3:6; p10:11; p17:7,438,6,17,14,16,14492.90,3031352.10,Y,49,2750.0,5500.00,8992.90,0,0.00,96,47800
1234,85,44,12,4,21,15,p1:11; p2:9; p3:3,399,1,7,9,16,8550.90,3039903.00,Y,23,500.0,1000.00,7550.90,0,0.00,114,48080
1234,86,68,8,13,14,11,p1:26; p2:5; p3:3; p5:1; p10:5; p17:9,421,3,12,0,26,12768.90,3052671.90,Y,49,2210.0,4420.00,8348.90,0,0.00,75,47700
1234,87,14,17,14,15,16,p1:22; p2:15,334,2,0,0,48,8802.60,3061474.50,Y,37,370.0,740.00,8062.60,0,0.00,166,47180
1234,88,139,1,13,14,0,p1:13; p2:36,417,0,0,36,45,32047.30,3093521.80,N,49,500.0,1000.00,10947.30,670,20100.00,23,47330
1234,89,4,29,27,1,16,p1:2; p2:2; p3:28,373,0,0,31,42,15526.90,3109048.70,Y,32,2840.0,5680.00,9846.90,0,0.00,64,47990
1234,90,50,33,20,7,5,p1:1; p2:1; p3:33,296,0,3,30,25,14316.20,3123364.90,Y,35,3320.0,6640.00,7676.20,0,0.00,112,48070
1234,91,80,13,11,2,18,p1:20; p2:6; p3:12,303,0,0,25,25,10277.00,3133641.90,Y,38,1460.0,2920.00,7357.00,0,0.00,71,48360
1234,92,25,0,22,11,20,p1:5; p2:3; p3:1; p4:2; p10:13; p13:18; p17:7,317,0,0,65,28,92032.90,3225674.80,N,49,830.0,1660.00,9972.90,2680,80400.00,84,45550
1234,93,79,28,25,2,2,p1:7; p3:26; p13:1,220,0,0,63,21,13559.20,3239234.00,Y,34,2770.0,5540.00,8019.20,0,0.00,122,48150
1234,94,104,14,9,2,14,p0:1; p1:40; p3:8,206,0,0,57,43,88816.00,3328050.00,N,49,1200.0,2400.00,9016.00,2580,77400.00,91,45710
1234,95,66,6,14,6,18,p0:3; p1:8; p3:6; p4:4; p10:3; p13:21; p15:4,437,0,0,48,34,73688.60,3401738.60,N,49,1130.0,2260.00,11128.60,2010,60300.00,31,45710
1234,96,12,36,20,9,10,p0:1; p1:6; p3:26; p5:3; p13:13,513,0,5,36,19,68384.00,3470122.60,N,49,3030.0,6060.00,10724.00,1720,51600.00,77,46570
1234,97,48,28,1,12,16,p1:9; p3:3; p5:10; p13:27,508,0,3,18,43,79868.00,3549990.60,N,49,2070.0,4140.00,11228.00,2150,64500.00,88,45480
1234,98,52,17,5,18,13,p1:6; p2:18; p3:6; p5:3; p13:16,589,0,3,32,36,80011.10,3630001.70,N,49,1430.0,2860.00,12651.10,2150,64500.00,42,46000
1234,99,2,35,6,25,9,p1:1; p2:7; p3:7; p5:11; p6:2; p13:21,623,0,0,51,30,70981.30,3700983.00,N,49,2880.0,5760.00,13621.30,1720,51600.00,70,46410
1234,100,43,30,17,11,6,p3:9; p5:10; p13:1; p15:1,564,0,0,51,18,16883.70,3717866.70,Y,21,2460.0,4920.00,11963.70,0,0.00,85,47520
1234,101,68,27,17,0,12,p0:2; p1:25; p3:22,571,0,0,44,29,81816.90,3799683.60,N,49,2440.0,4880.00,12436.90,2150,64500.00,71,46330
1234,102,41,16,22,7,13,p0:7; p1:30; p3:12,637,0,0,31,49,68628.00,3868311.60,N,49,1500.0,3000.00,14028.00,1720,51600.00,35,46500
1234,103,12,19,25,13,10,p1:1; p2:1; p3:24; p4:1,614,0,0,20,38,17435.40,3885747.00,Y,27,2550.0,5100.00,12335.40,0,0.00,57,47490
1234,104,28,17,21,12,12,p1:2; p2:10; p3:20; p4:1; p10:8; p17:8,578,9,0,17,34,19559.20,3905306.20,Y,49,3950.0,7900.00,11659.20,0,0.00,112,48340
1234,105,60,16,21,13,6,p1:22; p2:14; p3:7; p10:2; p17:4,584,15,0,17,39,16330.30,3921636.50,Y,49,2030.0,4060.00,12270.30,0,0.00,93,49160
1234,106,41,11,15,14,14,p0:1; p1:27; p2:21,654,5,0,25,50,35414.00,3957050.50,N,49,580.0,1160.00,14154.00,670,20100.00,45,47230
1234,107,5,11,24,13,16,p2:1; p3:4; p4:21,617,4,0,1,42,18004.30,3975054.80,Y,26,3140.0,6280.00,11724.30,0,0.00,120,47920
1234,108,81,5,3,25,8,p1:11; p2:38,584,0,0,38,51,54991.70,4030046.50,N,49,490.0,980.00,13811.70,1340,40200.00,133,46690
1234,109,126,42,4,1,2,p1:6; p2:4; p3:6; p5:13; p6:3; p13:17,633,0,0,46,36,59020.60,4089067.10,N,49,3210.0,6420.00,13900.60,1290,38700.00,66,47420
1234,110,29,14,8,20,15,p0:7; p1:1; p2:7; p3:8; p13:26,657,0,0,69,31,94862.00,4183929.10,N,49,1150.0,2300.00,15162.00,2580,77400.00,106,45250
1234,111,87,9,18,11,6,p1:10; p3:11; p4:3; p13:2,617,0,0,45,39,17409.20,4201338.30,Y,26,1790.0,3580.00,13829.20,0,0.00,86,47960
1234,112,56,8,19,24,2,p1:6; p2:3; p3:3; p4:13; p10:1; p13:23,630,0,0,71,28,92546.70,4293885.00,N,49,2330.0,4660.00,14686.70,2440,73200.00,99,45870
1234,113,80,3,20,7,12,p1:4; p3:6; p4:13; p5:1,596,0,0,68,16,18073.20,4311958.20,Y,24,2430.0,4860.00,13213.20,0,0.00,87,48100
1234,114,64,17,14,3,16,p1:23; p3:13; p13:13,605,11,0,46,34,19561.10,4331519.30,Y,49,2930.0,5860.00,13701.10,0,0.00,57,47700
1234,115,14,3,33,22,5,p1:1; p3:4; p4:16,520,0,0,44,27,16564.30,4348083.60,Y,21,2490.0,4980.00,11584.30,0,0.00,143,48530
1234,116,118,28,5,2,8,p0:1; p1:9; p2:1; p3:8; p10:1; p13:29,552,0,1,32,53,80137.40,4428221.00,N,49,1210.0,2420.00,13217.40,2150,64500.00,45,46340
1234,117,16,46,2,13,14,p1:6; p2:4; p3:7; p5:18; p13:14,567,0,5,33,44,58686.60,4486907.60,N,49,3470.0,6940.00,13046.60,1290,38700.00,89,47160
1234,118,53,18,3,24,9,p0:1; p2:6; p3:4; p5:4; p13:34,573,0,0,70,40,94805.00,4581712.60,N,49,1370.0,2740.00,14665.00,2580,77400.00,103,45640
1234,119,86,12,28,4,4,p0:1; p1:4; p3:16; p4:3,538,0,0,61,42,17875.90,4599588.50,Y,24,2030.0,4060.00,13815.90,0,0.00,66,48240
1234,120,51,20,29,9,2,p1:3; p3:25; p4:2; p17:2,478,0,0,51,32,17709.90,4617298.40,Y,32,2990.0,5980.00,11729.90,0,0.00,101,47320
1234,121,67,20,8,10,13,p0:1; p1:20; p2:4; p3:6; p13:18,514,0,0,58,43,94343.30,4711641.70,N,49,1030.0,2060.00,13383.30,2630,78900.00,66,45500
1234,122,41,7,25,21,4,p3:13; p4:6; p10:1; p15:4,512,0,0,35,28,36303.90,4747945.60,N,24,2580.0,5160.00,11043.90,670,20100.00,63,47840
1234,123,14,11,12,23,15,p1:1; p2:3; p3:4; p4:4; p10:13; p13:24,536,0,0,70,24,96118.20,4844063.80,N,49,1340.0,2680.00,13038.20,2680,80400.00,82,45910
1234,124,67,22,23,6,5,p1:11; p3:19; p4:2; p13:2,485,0,0,61,21,16558.60,4860622.40,Y,34,2470.0,4940.00,11618.60,0,0.00,92,47960
1234,125,66,9,14,9,14,p1:18; p3:10; p4:2; p13:1; p17:1,503,0,0,48,27,14847.50,4875469.90,Y,32,1640.0,3280.00,11567.50,0,0.00,35,47420
1234,126,4,20,24,13,12,p1:8; p3:22; p4:2,454,0,0,44,31,16017.50,4891487.40,Y,32,2540.0,5080.00,10937.50,0,0.00,77,47630
1234,127,61,43,16,4,4,p3:19; p5:6; p13:3; p17:1,415,0,0,32,22,15384.20,4906871.60,Y,29,3140.0,6280.00,9104.20,0,0.00,73,48530
1234,128,45,13,23,12,9,p1:15; p2:5; p3:16; p4:1; p10:8; p17:4,409,0,4,21,24,15198.10,4922069.70,Y,49,3230.0,6460.00,8738.10,0,0.00,88,48390
1234,129,33,21,10,16,13,p0:1; p1:20; p2:15; p3:1; p13:12,351,0,1,52,29,62606.20,4984675.90,N,49,580.0,1160.00,9846.20,1720,51600.00,160,46120
1234,130,144,11,4,1,11,p0:13; p1:1; p2:1; p3:8; p13:3,395,0,1,40,13,10929.80,4995605.70,Y,26,1120.0,2240.00,8689.80,0,0.00,78,47890
1234,131,37,13,11,13,17,p0:2; p1:39; p3:8,399,0,0,25,40,76560.50,5072166.20,N,49,1160.0,2320.00,9740.50,2150,64500.00,101,45310
1234,132,68,11,13,15,9,p0:1; p1:12; p2:19; p3:8; p13:9,460,0,0,37,37,51870.20,5124036.40,N,49,1060.0,2120.00,11050.20,1290,38700.00,101,46510
1234,133,80,16,15,7,10,p0:2; p1:1; p2:12; p3:11; p13:23,487,0,0,50,30,79102.00,5203138.40,N,49,1470.0,2940.00,11662.00,2150,64500.00,89,46210
1234,134,58,20,2,23,8,p0:3; p3:4; p5:4; p6:2; p10:2; p13:34,675,0,0,37,22,93020.70,5296159.10,N,49,1300.0,2600.00,13020.70,2580,77400.00,85,45050
1234,135,62,9,20,13,8,p1:13; p2:1; p3:17; p4:1,645,0,0,22,33,16473.50,5312632.60,Y,32,1970.0,3940.00,12533.50,0,0.00,73,47860
1234,136,47,25,19,16,2,p1:4; p2:10; p3:19; p4:1; p10:8; p17:7,614,2,5,14,29,19214.60,5331847.20,Y,49,3770.0,7540.00,11674.60,0,0.00,111,47500
1234,137,57,16,12,18,8,p1:9; p2:9; p3:2; p4:1,597,1,0,6,31,11888.20,5343735.40,Y,21,510.0,1020.00,10868.20,0,0.00,81,48460
1234,138,46,3,26,17,7,p1:1; p2:4; p3:3; p4:11; p10:22; p17:8,635,0,0,40,15,96721.50,5440456.90,N,49,2090.0,4180.00,12141.50,2680,80400.00,77,45590
1234,139,55,8,24,1,17,p1:5; p3:5; p4:20; p10:10; p13:1; p17:8,639,5,15,21,6,21677.10,5462134.00,Y,49,5150.0,10300.00,11377.10,0,0.00,96,48140
1234,140,41,16,6,19,14,p1:49,618,0,6,10,42,13397.00,5475531.00,Y,49,500.0,1000.00,12397.00,0,0.00,110,47970
1234,141,71,13,9,11,14,p1:5; p2:30; p3:5; p13:9,638,0,0,44,40,54737.20,5530268.20,N,49,950.0,1900.00,14137.20,1290,38700.00,93,47080
1234,142,69,30,15,10,3,p2:7; p3:5; p5:10; p13:27,646,0,0,66,37,84257.90,5614526.10,N,49,2250.0,4500.00,15257.90,2150,64500.00,89,45470
1234,143,72,25,15,13,3,p0:28; p1:1; p3:20,748,0,0,54,32,84195.80,5698721.90,N,49,2010.0,4020.00,15675.80,2150,64500.00,97,46290
1234,144,73,17,15,12,6,p0:3; p1:22; p3:12; p13:12,847,0,0,44,34,83927.40,5782649.30,N,49,1390.0,2780.00,16647.40,2150,64500.00,64,45230
1234,145,34,23,9,10,17,p1:3; p3:7; p5:9,794,0,4,26,27,18892.50,5801541.80,Y,19,2140.0,4280.00,14612.50,0,0.00,89,47450
1234,146,59,30,3,18,7,p1:1; p2:9; p3:7; p5:8; p13:24,800,0,0,52,28,84856.00,5886397.80,N,49,2170.0,4340.00,16016.00,2150,64500.00,90,45710
1234,147,71,35,18,8,0,p0:3; p2:2; p3:8; p5:11; p13:25,948,0,0,36,25,86175.30,5972573.10,N,49,2340.0,4680.00,16995.30,2150,64500.00,69,45480
1234,148,49,19,23,16,3,p1:9; p2:1; p3:22; p4:1; p10:9; p17:7,908,0,2,24,33,24679.90,5997253.00,Y,49,4130.0,8260.00,16419.90,0,0.00,103,48990
1234,149,53,35,16,13,1,p0:1; p2:13; p3:6; p5:2; p13:27,932,0,4,50,17,84258.70,6081511.70,N,49,1290.0,2580.00,17178.70,2150,64500.00,101,45480
1234,150,66,11,4,15,16,p1:19; p2:1; p3:5; p6:2; p13:22,872,0,0,40,54,72302.20,6153813.90,N,49,1270.0,2540.00,18162.20,1720,51600.00,135,46580
1234,151,110,12,10,11,5,p0:6; p1:1; p2:27; p3:9; p13:6,900,0,12,53,42,23844.30,6177658.20,Y,49,2420.0,4840.00,19004.30,0,0.00,91,47500
1234,152,51,30,9,8,13,p0:11; p3:4; p5:6; p13:4,926,0,5,45,35,21392.50,6199050.70,Y,25,1640.0,3280.00,18112.50,0,0.00,76,48320
1234,153,46,37,15,8,7,p2:9; p3:1; p5:15; p6:2; p13:22,966,0,0,61,23,75811.20,6274861.90,N,49,2860.0,5720.00,18491.20,1720,51600.00,79,46690
1234,154,45,12,14,16,12,p0:1; p1:19; p2:6; p3:8; p13:15,1111,0,0,46,33,73964.70,6348826.60,N,49,990.0,1980.00,20384.70,1720,51600.00,36,46340
1234,155,12,32,17,15,9,p1:2; p2:8; p3:25; p5:1; p13:13,1063,0,0,63,21,90081.20,6438907.80,N,49,2880.0,5760.00,19821.20,2150,64500.00,122,46160
1234,156,95,6,13,5,14,p0:1; p1:34; p2:1; p3:4; p13:9,1104,0,0,57,49,69283.80,6508191.60,N,49,690.0,1380.00,22003.80,1530,45900.00,97,46570
1234,157,90,40,10,6,1,p0:1; p1:3; p2:2; p3:11; p5:11; p6:3; p13:18,1266,0,0,22,45,79959.10,6588150.70,N,49,3150.0,6300.00,22059.10,1720,51600.00,48,45910
1234,158,8,1,21,35,4,p2:19; p3:4; p4:14; p10:9; p17:3,1314,0,0,24,34,29499.40,6617650.10,Y,49,3710.0,7420.00,22079.40,0,0.00,73,47710
1234,159,18,28,12,17,11,p0:1; p1:15; p2:25; p3:7; p13:1,1342,0,3,32,28,89378.70,6707028.80,N,49,1120.0,2240.00,22638.70,2150,64500.00,92,45850
1234,160,49,3,3,21,19,p0:2; p1:45; p2:2,1371,0,0,20,66,64533.80,6771562.60,N,49,480.0,960.00,24873.80,1290,38700.00,63,47210
1234,161,38,32,13,19,3,p1:3; p2:3; p3:9; p5:9; p10:7; p13:18,1426,0,0,34,61,115631.50,6887194.10,N,49,2480.0,4960.00,26071.50,2820,84600.00,41,45230
1234,162,18,10,31,18,5,p2:13; p3:28; p4:2; p17:6,1408,30,5,22,40,34238.10,6921432.20,Y,49,4700.0,9400.00,24838.10,0,0.00,81,47840
1234,163,30,4,10,16,21,p1:17; p2:10; p4:7,1370,9,0,29,55,27226.10,6948658.30,Y,34,1180.0,2360.00,24866.10,0,0.00,127,47850
1234,164,89,21,27,3,2,p2:38; p3:1; p4:10,1438,0,0,54,40,90010.20,7038668.50,N,49,1910.0,3820.00,25890.20,2010,60300.00,68,47260
1234,165,30,24,10,13,15,p0:7; p1:1; p2:13; p3:9; p13:19,1490,0,0,85,30,114719.50,7153388.00,N,49,1240.0,2480.00,27639.50,2820,84600.00,70,45320
1234,166,57,24,20,2,11,p1:29; p3:19,1491,0,0,65,59,117577.20,7270965.20,N,48,2210.0,4420.00,28557.20,2820,84600.00,52,44770
1234,167,30,20,23,20,2,p0:1; p1:11; p2:1; p3:19; p4:1; p13:16,1626,0,0,52,42,105850.20,7376815.40,N,49,2050.0,4100.00,28550.20,2440,73200.00,70,45350
1234,168,38,20,4,14,18,p0:13; p2:11; p3:4; p5:5; p13:16,1717,0,0,63,34,110038.10,7486853.50,N,49,1380.0,2760.00,29878.10,2580,77400.00,73,45180
1234,169,48,28,8,17,8,p0:3; p2:8; p3:9; p5:7; p13:22,1896,0,0,44,26,99039.00,7585892.50,N,49,1880.0,3760.00,30779.00,2150,64500.00,60,46200
1234,170,32,7,24,19,8,p3:10; p4:6; p5:7; p10:14; p13:1; p17:11,1905,16,12,29,9,40301.80,7626194.30,Y,49,5180.0,10360.00,29941.80,0,0.00,71,48420
1234,171,3,21,15,15,17,p1:2; p2:5; p4:1; p5:24; p9:1; p10:1; p13:8; p17:7,1933,0,10,61,6,32960.10,7659154.40,Y,49,820.0,1640.00,31320.10,0,0.00,108,48360
1234,172,69,34,3,15,5,p1:1; p2:13; p3:2; p5:4; p6:2; p9:4; p13:23,1921,0,11,51,35,113095.70,7772250.10,N,49,1520.0,3040.00,32655.70,2580,77400.00,88,44650
1234,173,64,32,1,10,13,p0:5; p2:12; p3:1; p5:13; p13:18,1975,0,0,71,31,102684.60,7874934.70,N,49,2230.0,4460.00,33724.60,2150,64500.00,78,45850
1234,174,51,18,27,11,4,p0:1; p1:24; p2:9; p3:15,2058,0,0,46,42,76446.40,7951381.10,N,49,1740.0,3480.00,34266.40,1290,38700.00,45,47390
1234,175,7,14,12,25,13,p0:37; p1:1; p3:11,2245,0,0,31,29,96174.00,8047555.10,N,49,1110.0,2220.00,35154.00,1960,58800.00,71,46120
1234,176,42,7,16,15,14,p1:1; p2:22; p3:11; p4:2; p10:7; p13:3; p17:3,2257,0,0,53,27,100160.00,8147715.10,N,49,1730.0,3460.00,36400.00,2010,60300.00,86,45830
1234,177,65,28,14,14,3,p1:2; p2:18; p3:18; p6:2; p13:9,2228,0,0,47,42,93181.70,8240896.80,N,49,2440.0,4880.00,36701.70,1720,51600.00,91,46730
1234,178,66,27,5,7,14,p0:6; p2:14; p3:1; p5:10; p13:18,2271,0,0,71,31,118928.60,8359825.40,N,49,1830.0,3660.00,37868.60,2580,77400.00,89,44970
1234,179,69,27,7,9,11,p0:1; p2:18; p3:8; p5:7; p13:15,2419,0,0,58,26,106935.20,8466760.60,N,49,1780.0,3560.00,38875.20,2150,64500.00,88,45950
1234,180,69,41,2,13,5,p1:1; p2:22; p3:3; p5:16; p6:2; p13:5,2463,0,0,53,41,98194.20,8564954.80,N,49,3170.0,6340.00,40254.20,1720,51600.00,28,46270
1234,181,7,33,22,5,14,p1:3; p2:16; p3:28; p13:2,2450,0,2,66,43,111563.50,8676518.30,N,49,3020.0,6040.00,41023.50,2150,64500.00,67,45990
1234,182,54,63,6,6,1,p0:3; p1:14; p2:1; p3:5; p5:26,2462,0,0,58,49,127071.10,8803589.40,N,49,4300.0,8600.00,41071.10,2580,77400.00,75,45060
1234,183,50,19,21,10,8,p0:34; p1:1; p3:14,2616,0,0,53,45,109993.40,8913582.80,N,49,1410.0,2820.00,42673.40,2150,64500.00,67,45910
1234,184,57,31,22,5,5,p0:2; p1:1; p2:20; p3:26,2639,0,0,63,34,112926.10,9026508.90,N,49,2820.0,5640.00,42786.10,2150,64500.00,59,46220
1234,185,32,38,7,11,12,p0:1; p2:21; p3:5; p5:14; p13:8,2839,0,0,61,20,113925.30,9140434.20,N,49,2460.0,4920.00,44505.30,2150,64500.00,18,45850
1234,186,0,39,23,2,14,p1:2; p2:12; p3:34; p13:1,2863,0,9,57,7,115761.30,9256195.50,N,49,3560.0,7120.00,44141.30,2150,64500.00,43,45470
1234,187,6,36,4,18,15,p1:1; p2:13; p3:3; p5:14; p9:6; p13:12,2845,0,0,56,30,114685.80,9370881.30,N,49,2590.0,5180.00,45005.80,2150,64500.00,88,46280
1234,188,65,27,20,1,10,p1:2; p2:24; p3:9; p5:6; p13:8,2825,0,0,46,58,127693.20,9498574.50,N,49,2090.0,4180.00,46113.20,2580,77400.00,79,46120
1234,189,61,24,16,10,7,p0:2; p2:28; p3:19,2840,0,0,56,45,114855.30,9613429.80,N,49,2190.0,4380.00,45975.30,2150,64500.00,91,45920
1234,190,55,14,5,19,13,p0:19; p2:24; p3:1; p5:2; p6:3,2955,0,0,78,28,127303.80,9740733.60,N,49,1140.0,2280.00,47623.80,2580,77400.00,80,45670
1234,191,60,5,22,3,17,p1:3; p2:12; p3:6; p4:9; p10:8; p15:11,2944,0,0,69,50,193436.70,9934170.30,N,49,2120.0,4240.00,48496.70,4690,140700.00,87,43400
1234,192,64,26,7,9,13,p0:29; p2:7; p3:8; p5:5,3114,0,0,68,40,143588.40,10077758.70,N,49,1580.0,3160.00,50128.40,3010,90300.00,45,45640
1234,193,25,5,35,9,10,p2:19; p3:10; p4:18; p15:2,3167,0,0,88,21,178379.70,10256138.40,N,49,3560.0,7120.00,50659.70,4020,120600.00,53,43590
1234,194,27,39,8,2,19,p0:2; p1:3; p2:17; p3:15; p5:6; p13:6,3180,0,0,81,44,147568.50,10403706.90,N,49,2610.0,5220.00,52048.50,3010,90300.00,50,44910
1234,195,32,44,19,7,4,p0:1; p1:2; p2:14; p3:26; p5:6,3199,0,14,67,31,135616.00,10539322.90,N,49,3460.0,6920.00,51296.00,2580,77400.00,114,44960
1234,196,85,13,0,14,15,p0:29; p2:16; p3:1; p5:2; p6:1,3355,0,0,74,17,143980.30,10683303.20,N,49,720.0,1440.00,52240.30,3010,90300.00,96,45490
1234,197,57,11,16,10,14,p0:2; p1:1; p2:25; p3:1; p5:1; p6:1; p13:8; p14:10,3380,0,0,42,58,145702.00,10829005.20,N,49,870.0,1740.00,53662.00,3010,90300.00,68,45600
1234,198,31,23,2,32,5,p0:1; p2:36; p3:1; p5:8; p6:1; p10:2,3584,0,0,31,56,143151.10,10972156.30,N,49,1390.0,2780.00,55771.10,2820,84600.00,60,44840
1234,199,47,64,1,11,2,p0:1; p2:12; p3:12; p5:24,3578,0,0,33,41,115738.20,11087894.50,N,49,4690.0,9380.00,54758.20,1720,51600.00,99,46540
1234,200,62,3,15,11,15,p0:1; p1:1; p2:45; p3:1; p15:1,3575,0,0,76,39,125155.50,11213050.00,N,49,1100.0,2200.00,56955.50,2200,66000.00,108,45080
1234,201,102,39,8,3,3,p0:17; p2:7; p3:17; p5:8,3680,0,0,69,21,139991.00,11353041.00,N,49,2900.0,5800.00,56791.00,2580,77400.00,63,45290
1234,202,21,4,18,15,18,p1:2; p2:34; p3:3; p4:3; p10:2; p14:5,3661,0,0,68,52,134078.00,11487119.00,N,49,1130.0,2260.00,58618.00,2440,73200.00,83,45210
1234,203,69,34,8,1,13,p0:20; p2:10; p3:11; p5:8,3768,0,0,64,45,154369.70,11641488.70,N,49,2330.0,4660.00,59409.70,3010,90300.00,68,44430
1234,204,43,21,17,15,7,p0:24; p2:10; p3:15,3888,0,0,60,32,140587.60,11782076.30,N,49,1610.0,3220.00,59967.60,2580,77400.00,75,45220
1234,205,46,27,4,15,13,p0:1; p2:12; p3:4; p5:8; p13:7; p14:17,4116,0,0,43,28,155282.30,11937358.60,N,49,1520.0,3040.00,61942.30,3010,90300.00,30,45200
1234,206,8,29,24,17,4,p1:2; p2:22; p3:25,4131,0,0,37,39,119682.80,12057041.40,N,49,2750.0,5500.00,62582.80,1720,51600.00,33,45820
1234,207,11,32,20,7,13,p1:1; p2:19; p3:28; p9:1,4143,0,0,52,36,121412.40,12178453.80,N,49,3220.0,6440.00,63372.40,1720,51600.00,50,46040
1234,208,30,39,24,6,4,p0:1; p1:1; p2:19; p3:21; p5:7,4210,0,4,35,31,120991.40,12299445.20,N,49,3090.0,6180.00,63211.40,1720,51600.00,93,45830
1234,209,67,29,3,17,6,p1:1; p2:32; p3:1; p5:11; p9:1; p13:3,4225,0,0,35,52,146529.10,12445974.30,N,49,2220.0,4440.00,64689.10,2580,77400.00,56,44670
1234,210,34,27,18,1,16,p0:1; p1:2; p2:23; p3:23,4214,0,0,57,50,122333.10,12568307.40,N,49,2560.0,5120.00,65613.10,1720,51600.00,83,45380
1234,211,67,40,18,2,4,p0:12; p2:15; p3:10; p5:12,4263,0,1,50,37,148138.00,12716445.40,N,49,2840.0,5680.00,65058.00,2580,77400.00,104,45620
1234,212,67,7,1,23,13,p0:21; p1:1; p2:26; p3:1,4369,0,0,75,30,145552.50,12861997.90,N,49,380.0,760.00,67392.50,2580,77400.00,87,45540
1234,213,75,24,20,2,8,p0:9; p1:2; p2:19; p3:18; p4:1,4502,0,0,64,21,149322.50,13011320.40,N,49,1950.0,3900.00,68022.50,2580,77400.00,68,45640
1234,214,45,27,12,11,11,p1:1; p2:27; p3:12; p5:5; p14:4,4515,0,0,64,46,138897.00,13150217.40,N,49,2230.0,4460.00,69937.00,2150,64500.00,34,46080
1234,215,25,36,29,0,8,p0:1; p1:1; p2:15; p3:31; p4:1,4604,0,0,44,43,140849.10,13291066.50,N,49,3240.0,6480.00,69869.10,2150,64500.00,44,45680
1234,216,16,28,20,20,4,p0:2; p2:21; p3:23; p9:1; p13:2,4725,0,0,25,30,139151.50,13430218.00,N,49,2520.0,5040.00,69611.50,2150,64500.00,73,46250
1234,217,32,16,8,21,13,p2:43; p3:2; p5:4,4711,0,0,63,17,150416.00,13580634.00,N,49,1200.0,2400.00,70616.00,2580,77400.00,126,45520
1234,218,106,1,13,6,13,p1:1; p2:25; p3:5; p4:2; p12:4; p14:9; p15:1; p19:2,4713,0,0,54,45,155906.70,13736540.70,N,49,1710.0,3420.00,72086.70,2680,80400.00,71,45270
1234,219,44,18,17,9,14,p0:1; p2:33; p3:12; p4:2; p15:1,4875,0,0,41,39,143200.00,13879740.70,N,49,1990.0,3980.00,73220.00,2200,66000.00,71,46700
1234,220,52,25,16,13,6,p0:2; p2:21; p3:20; p9:1; p13:5,4997,0,0,27,29,142400.80,14022141.50,N,49,2220.0,4440.00,73460.80,2150,64500.00,79,45930
1234,221,49,17,12,16,10,p1:1; p2:20; p3:13; p9:15,4994,0,0,24,35,134608.70,14156750.20,N,49,4670.0,9340.00,73668.70,1720,51600.00,80,45970
1234,222,41,16,5,19,15,p2:43; p3:2; p5:4,5033,0,0,52,25,154870.10,14311620.30,N,49,1200.0,2400.00,75070.10,2580,77400.00,81,45710
1234,223,53,5,19,16,10,p1:1; p2:29; p3:11; p4:2; p14:5; p15:1,5010,0,0,21,59,140190.00,14451810.30,N,49,2250.0,4500.00,75390.00,2010,60300.00,102,46010
1234,224,63,7,9,31,2,p0:1; p2:43; p3:3; p4:1; p15:1,5028,0,0,55,43,159613.40,14611423.70,N,49,1400.0,2800.00,76413.40,2680,80400.00,106,45430
1234,225,78,3,12,10,16,p0:1; p2:10; p3:2; p4:5; p12:30; p15:1,5272,0,0,36,41,201480.10,14812903.80,N,49,1120.0,2240.00,78640.10,4020,120600.00,48,44650
1234,226,26,33,18,19,2,p2:21; p3:28,5302,0,0,40,32,136277.60,14949181.40,N,49,3010.0,6020.00,78657.60,1720,51600.00,54,46720
1234,227,18,33,12,17,9,p0:1; p2:24; p3:2; p5:13; p13:9,5476,0,0,22,22,147945.20,15097126.60,N,49,2020.0,4040.00,79405.20,2150,64500.00,77,46020
1234,228,49,11,15,18,10,p1:1; p2:19; p3:11; p4:1; p9:15; p15:2,5439,0,0,33,35,111796.40,15208923.00,N,49,5650.0,11300.00,80396.40,670,20100.00,87,48030
1234,229,75,4,30,4,8,p2:23; p3:9; p4:12; p12:5,5394,15,12,17,27,90061.50,15298984.50,Y,49,5360.0,10720.00,79341.50,0,0.00,120,47900
1234,230,69,19,8,16,8,p1:13; p2:18; p9:18,5426,0,0,26,56,89482.60,15388467.10,Y,49,4100.0,8200.00,81282.60,0,0.00,58,47890
1234,231,19,25,35,10,2,p2:28; p3:18; p4:2; p15:1,5408,0,0,55,47,127970.60,15516437.70,N,49,2880.0,5760.00,82010.60,1340,40200.00,97,46540
1234,232,80,19,21,0,9,p0:1; p2:31; p3:14; p4:2; p15:1,5583,0,0,41,33,167496.20,15683933.90,N,49,2190.0,4380.00,82716.20,2680,80400.00,58,44470
1234,233,27,14,18,14,14,p0:1; p2:30; p3:12; p4:5; p15:1,5760,0,0,33,21,148200.20,15832134.10,N,49,1990.0,3980.00,83920.20,2010,60300.00,58,46390
1234,234,37,16,23,8,12,p1:1; p2:26; p3:19; p4:1; p9:1; p15:1,5775,0,0,33,37,131539.00,15963673.10,N,49,3050.0,6100.00,85239.00,1340,40200.00,33,46550
1234,235,16,31,29,1,12,p2:21; p3:26; p4:2,5717,0,0,54,24,123847.40,16087520.50,N,49,3080.0,6160.00,84687.40,1100,33000.00,120,47530
1234,236,106,2,18,1,13,p1:1; p2:20; p3:3; p4:9; p12:15; p15:1,5739,0,0,42,58,191928.00,16279448.50,N,49,2370.0,4740.00,86688.00,3350,100500.00,49,44430
1234,237,33,28,25,12,3,p0:1; p2:22; p3:24; p4:1; p9:1,5816,0,0,30,54,131085.20,16410533.70,N,49,2780.0,5560.00,86825.20,1290,38700.00,75,46550
1234,238,54,22,15,17,4,p0:1; p2:20; p3:18; p9:8; p13:2,5910,0,0,22,45,145655.10,16556188.80,N,49,3490.0,6980.00,87075.10,1720,51600.00,83,45980
1234,239,54,8,17,17,9,p2:27; p3:9; p9:9; p15:4,5951,0,0,54,30,118859.20,16675048.00,N,49,5190.0,10380.00,88379.20,670,20100.00,45,47300
1234,240,24,25,20,5,15,p0:1; p1:1; p2:23; p3:19; p4:1; p9:1; p14:3,5918,0,0,43,48,158096.30,16833144.30,N,49,2520.0,5040.00,88556.30,2150,64500.00,92,45600
1234,241,70,14,13,12,10,p0:1; p2:30; p3:11; p4:1; p9:1; p14:4; p15:1,6085,0,0,30,43,152328.90,16985473.20,N,49,1850.0,3700.00,89828.90,1960,58800.00,72,46150
1234,242,52,32,10,15,5,p2:22; p3:27,6063,0,5,34,37,159920.80,17145394.00,N,49,2930.0,5860.00,89560.80,2150,64500.00,105,45510
1234,243,68,12,12,19,6,p0:1; p2:31; p3:1; p5:2; p11:1; p13:12; p14:1,6311,0,0,32,28,158824.00,17304218.00,N,49,1130.0,2260.00,92064.00,2150,64500.00,42,45600
1234,244,24,21,34,3,9,p1:1; p2:21; p3:24; p4:2; p15:1,6281,0,0,24,39,118903.90,17423121.90,N,49,3420.0,6840.00,91963.90,670,20100.00,80,47220
1234,245,57,21,15,8,12,p0:1; p2:14; p3:15; p9:13; p13:6,6370,0,0,32,31,140277.90,17563399.80,N,49,4240.0,8480.00,93097.90,1290,38700.00,66,47390
1234,246,52,10,31,6,8,p1:1; p2:17; p3:26; p4:5,6373,0,0,19,38,99786.10,17663185.90,Y,49,3440.0,6880.00,92906.10,0,0.00,68,48130
1234,247,27,25,15,14,11,p2:29; p3:10; p9:7; p15:3,6394,0,0,54,29,143431.90,17806617.80,N,49,4360.0,8720.00,94511.90,1340,40200.00,58,46810
1234,248,46,28,24,2,9,p0:1; p1:4; p2:13; p3:23; p4:1; p9:3; p13:4,6473,0,0,41,24,152352.50,17958970.30,N,49,3100.0,6200.00,94552.50,1720,51600.00,69,46090
1234,249,44,20,13,16,9,p0:2; p1:5; p2:3; p3:15; p9:12; p13:12,6530,0,0,41,28,168267.70,18127238.00,N,49,4070.0,8140.00,95627.70,2150,64500.00,83,45510
1234,250,68,24,20,12,1,p0:1; p1:1; p2:17; p3:20; p9:10,6508,0,0,47,37,156455.20,18283693.20,N,49,4290.0,8580.00,96275.20,1720,51600.00,73,46070
1234,251,57,36,12,4,10,p0:2; p2:16; p3:31,6553,0,7,35,31,166874.10,18450567.30,N,49,3110.0,6220.00,96154.10,2150,64500.00,98,45830
1234,252,65,22,14,13,6,p0:1; p2:23; p3:1; p5:8; p13:15; p14:1,6793,0,7,11,11,164560.90,18615128.20,N,49,1630.0,3260.00,96800.90,2150,64500.00,54,45900
1234,253,8,15,1,25,20,p2:13; p3:11; p4:7; p5:3; p13:15,6831,0,0,48,4,191005.60,18806133.80,N,49,1070.0,2140.00,98565.60,3010,90300.00,79,45260
1234,254,55,28,18,8,7,p1:1; p3:13; p5:5; p9:1; p13:20; p14:6; p19:3,6809,0,0,45,25,169087.00,18975220.80,N,49,2520.0,5040.00,99547.00,2150,64500.00,77,46200
1234,255,59,32,15,4,10,p0:1; p1:1; p2:11; p3:27; p9:1; p13:8,6779,0,0,43,34,170380.10,19145600.90,N,49,3120.0,6240.00,99640.10,2150,64500.00,89,46520
1234,256,58,21,20,3,12,p0:1; p2:3; p3:4; p5:6; p13:17; p14:10; p19:8,7001,0,0,39,19,168467.40,19314068.30,N,49,1240.0,2480.00,101487.40,2150,64500.00,43,46130
1234,257,24,25,21,4,15,p0:2; p1:1; p3:21; p9:11; p13:14,6978,0,0,35,29,162377.20,19476445.50,N,49,4570.0,9140.00,101637.20,1720,51600.00,83,45910
1234,258,62,21,13,15,6,p1:1; p2:1; p3:16; p4:1; p9:13; p13:17,6906,0,0,43,46,176069.70,19652515.20,N,49,4660.0,9320.00,102249.70,2150,64500.00,119,45780
1234,259,107,37,6,5,3,p0:1; p3:2; p4:17; p5:14; p12:9; p14:6,7028,0,0,31,35,197151.80,19849667.00,N,49,2160.0,4320.00,102531.80,3010,90300.00,119,45240
1234,260,96,16,3,12,11,p0:1; p2:10; p3:2; p4:21; p5:4; p12:11,7240,0,0,22,33,203883.50,20053550.50,N,49,760.0,1520.00,104863.50,3250,97500.00,67,45210
1234,261,56,52,8,9,2,p2:2; p3:10; p4:6; p5:17; p12:1; p13:13,7293,0,0,34,28,216342.60,20269893.10,N,49,3610.0,7220.00,105922.60,3440,103200.00,28,44570
1234,262,10,22,33,11,5,p1:1; p2:17; p3:27; p4:4,7305,3,0,5,42,112367.40,20382260.50,Y,49,3410.0,6820.00,105547.40,0,0.00,52,47210
1234,263,16,2,23,30,4,p2:25; p3:19; p4:4; p9:1,7332,0,0,32,29,112207.30,20494467.80,Y,49,2890.0,5780.00,106427.30,0,0.00,69,47130
1234,264,34,40,16,0,13,p1:1; p2:5; p3:15; p9:9; p13:13; p14:5; p15:1,7347,0,0,26,47,154592.90,20649060.70,N,49,4170.0,8340.00,107552.90,1290,38700.00,41,46300
1234,265,19,22,24,15,7,p0:1; p2:22; p3:21; p4:5,7472,0,0,18,44,146532.60,20795593.30,N,49,2440.0,4880.00,108652.60,1100,33000.00,28,47020
1234,266,9,30,25,16,3,p2:23; p3:26,7469,0,0,36,33,166123.70,20961717.00,N,49,2840.0,5680.00,108843.70,1720,51600.00,69,45340
1234,267,51,26,16,6,11,p0:1; p1:1; p2:1; p3:21; p9:10; p13:15,7498,0,0,44,21,181800.50,21143517.50,N,49,4220.0,8440.00,108860.50,2150,64500.00,108,45580
1234,268,86,24,8,3,13,p1:1; p3:2; p4:7; p5:8; p13:11; p14:6; p15:6; p19:8,7538,0,0,27,54,191607.30,21335124.80,N,49,1720.0,3440.00,110767.30,2580,77400.00,32,45540
1234,269,8,38,15,17,7,p2:17; p3:32,7516,0,3,41,46,194979.80,21530104.60,N,49,3380.0,6760.00,110819.80,2580,77400.00,84,45770
1234,270,58,35,14,4,8,p0:1; p3:3; p4:1; p5:13; p9:1; p13:17; p14:5; p15:8,7667,0,0,31,38,193745.70,21723850.30,N,49,2330.0,4660.00,111685.70,2580,77400.00,86,44530
1234,271,61,33,7,11,8,p0:1; p2:2; p3:2; p4:8; p5:12; p12:3; p13:15; p14:6,7844,0,0,15,29,206715.20,21930565.50,N,49,1880.0,3760.00,112655.20,3010,90300.00,77,44680
1234,272,51,24,10,16,9,p0:9; p2:1; p3:19; p4:1; p9:19,7905,0,0,14,23,189858.10,22120423.60,N,49,6160.0,12320.00,113038.10,2150,64500.00,57,46620
1234,273,18,19,20,21,6,p0:8; p2:1; p3:14; p4:1; p9:22; p13:3,7969,0,0,28,8,191528.80,22311952.40,N,49,6680.0,13360.00,113668.80,2150,64500.00,53,45550
1234,274,18,1,34,9,15,p1:1; p2:12; p3:18; p4:14; p15:1; p19:3,7927,5,0,10,36,160136.30,22472088.70,N,49,2880.0,5760.00,114176.30,1340,40200.00,106,47430
1234,275,75,12,18,18,1,p2:24; p3:13; p4:11; p15:1,7997,0,0,25,20,179646.50,22651735.20,N,49,2310.0,4620.00,114726.50,2010,60300.00,56,45420
1234,276,2,29,5,20,16,p0:1; p1:1; p3:6; p9:22; p13:19,7984,0,0,41,28,191343.70,22843078.90,N,49,5430.0,10860.00,115983.70,2150,64500.00,82,45710
1234,277,62,2,26,6,13,p1:1; p3:4; p4:31; p15:13,7985,0,0,33,50,242999.90,23086078.80,N,49,2660.0,5320.00,117079.90,4020,120600.00,79,44270
1234,278,60,26,14,8,9,p2:30; p3:19,8034,0,0,53,42,187237.50,23273316.30,N,49,2210.0,4420.00,118317.50,2150,64500.00,37,45640
1234,279,13,31,23,11,8,p0:2; p1:1; p2:1; p3:25; p9:1; p13:15; p15:4,8127,0,0,46,35,201587.30,23474903.60,N,49,2720.0,5440.00,118747.30,2580,77400.00,70,45370
1234,280,47,21,22,8,8,p0:1; p1:1; p2:1; p3:16; p9:9; p13:17; p15:4,8248,0,0,39,25,190881.20,23665784.80,N,49,3510.0,7020.00,119361.20,2150,64500.00,58,45260
1234,281,29,40,2,17,11,p1:1; p3:4; p4:2; p5:15; p9:1; p13:19; p15:7,8224,0,2,26,44,203136.80,23868921.60,N,49,3010.0,6020.00,119716.80,2580,77400.00,96,46080
1234,282,70,27,1,14,11,p2:5; p3:2; p5:10; p13:16; p14:4; p15:8; p19:4,8268,0,0,60,31,189678.30,24058599.90,N,49,1980.0,3960.00,121218.30,2150,64500.00,63,46080
1234,283,42,41,8,4,13,p0:1; p1:2; p3:7; p5:14; p13:17; p15:8,8411,0,0,57,18,204913.50,24263513.40,N,49,2680.0,5360.00,122153.50,2580,77400.00,56,44840
1234,284,35,34,14,3,15,p1:1; p3:14; p5:7; p9:1; p13:19; p15:7,8380,0,0,43,37,205402.00,24468915.40,N,49,2870.0,5740.00,122262.00,2580,77400.00,94,45640
1234,285,67,26,4,15,9,p0:1; p3:2; p5:9; p9:1; p13:19; p15:16; p19:1,8560,0,0,30,33,204525.90,24673441.30,N,49,1670.0,3340.00,123785.90,2580,77400.00,77,45440
1234,286,58,21,18,14,4,p0:14; p2:1; p3:17; p9:17,8598,0,0,38,25,186625.90,24860067.20,N,49,5410.0,10820.00,124205.90,1720,51600.00,86,45990
1234,287,67,15,19,10,8,p1:1; p3:14; p4:1; p9:7; p13:15; p14:9; p15:2,8552,0,0,31,44,166131.50,25026198.70,N,49,4320.0,8640.00,124491.50,1100,33000.00,102,47300
1234,288,81,30,1,14,7,p2:3; p3:2; p5:11; p13:16; p15:17,8588,0,0,53,32,207000.50,25233199.20,N,49,2110.0,4220.00,125380.50,2580,77400.00,77,45180
1234,289,49,6,18,15,12,p1:1; p3:10; p4:1; p9:7; p13:12; p14:12; p15:6,8603,0,0,51,41,138183.60,25371382.80,Y,49,6040.0,12080.00,126103.60,0,0.00,50,48170
1234,290,20,22,16,9,17,p0:1; p1:1; p3:14; p4:4; p9:5; p13:10; p15:14,8778,0,0,44,30,205084.20,25576467.00,N,49,2990.0,5980.00,127404.20,2390,71700.00,29,45730
1234,291,5,32,17,12,12,p0:20; p3:26; p9:3,8857,0,0,32,21,211342.90,25787809.90,N,49,3360.0,6720.00,127222.90,2580,77400.00,80,44930
1234,292,46,27,10,15,9,p1:1; p2:3; p3:3; p4:2; p5:9; p9:1; p13:19; p15:11,8876,0,0,10,43,209476.90,25997286.80,N,49,2140.0,4280.00,127796.90,2580,77400.00,69,45690
1234,293,28,6,10,23,15,p0:1; p2:19; p3:4; p4:16; p9:1; p15:8,8996,0,0,23,32,217133.50,26214420.30,N,49,800.0,1600.00,129433.50,2870,86100.00,93,45030
1234,294,75,18,13,7,11,p0:14; p2:1; p3:13; p9:21,9084,0,0,38,29,207227.10,26421647.40,N,49,5720.0,11440.00,131287.10,2150,64500.00,35,45720
1234,295,25,28,33,7,3,p1:1; p2:1; p3:28; p4:4; p13:14; p14:1,9083,0,0,22,41,158319.90,26579967.30,N,49,3500.0,7000.00,131219.90,670,20100.00,50,46980
1234,296,28,32,16,17,5,p2:23; p3:26,9066,0,10,29,23,213670.60,26793637.90,N,49,2840.0,5680.00,130590.60,2580,77400.00,100,45880
1234,297,65,9,0,17,18,p0:2; p1:6; p3:3; p9:24; p13:14,9191,0,2,44,12,220232.60,27013870.50,N,49,5400.0,10800.00,132032.60,2580,77400.00,44,45540
1234,298,7,37,11,9,17,p1:1; p3:3; p5:14; p9:1; p13:20; p15:10,9179,0,0,29,44,216138.90,27230009.40,N,49,2790.0,5580.00,133158.90,2580,77400.00,80,46040
1234,299,59,21,22,16,0,p2:32; p3:17,9229,0,0,40,32,189295.60,27419305.00,N,49,2030.0,4060.00,133635.60,1720,51600.00,50,46490
1234,300,0,0,0,0,0,p0:1; p3:7; p5:9; p9:1; p13:20; p15:11,0,0,0,0,0,4340.00,27423645.00,Y,49,2170.0,4340.00,0.00,0,0.00,23,0
