pattern_idx,count_type1(200mm),count_type2(430mm),count_type3(670mm),count_type4(790mm),count_type5(990mm),used_length_mm,scrap_mm,scrap_cost,pattern_str
0,6,0,0,0,0,1200,0,0.0,t1:6
1,1,0,0,0,1,1190,10,1.0,t1:1; t5:1
2,2,0,0,1,0,1190,10,1.0,t1:2; t4:1
3,0,1,1,0,0,1100,100,10.0,t2:1; t3:1
4,2,0,1,0,0,1070,130,13.0,t1:2; t3:1
5,1,2,0,0,0,1060,140,14.0,t1:1; t2:2
6,3,1,0,0,0,1030,170,17.0,t1:3; t2:1
7,5,0,0,0,0,1000,200,20.0,t1:5
8,0,0,0,0,1,990,210,21.0,t5:1
9,1,0,0,1,0,990,210,21.0,t1:1; t4:1
10,1,0,1,0,0,870,330,33.0,t1:1; t3:1
11,0,2,0,0,0,860,340,34.0,t2:2
12,2,1,0,0,0,830,370,37.0,t1:2; t2:1
13,4,0,0,0,0,800,400,40.0,t1:4
14,0,0,0,1,0,790,410,41.0,t4:1
15,0,0,1,0,0,670,530,53.0,t3:1
16,1,1,0,0,0,630,570,57.0,t1:1; t2:1
17,3,0,0,0,0,600,600,60.0,t1:3
18,0,1,0,0,0,430,770,77.0,t2:1
19,2,0,0,0,0,400,800,80.0,t1:2
20,1,0,0,0,0,200,1000,100.0,t1:1
