RunSeed,Dia,Demanda_200mm,Demanda_430mm,Demanda_670mm,Demanda_790mm,Demanda_990mm,MILP_Patterns,Estoque_200mm,Estoque_430mm,Estoque_670mm,Estoque_790mm,Estoque_990mm,MILP_DailyCost,MILP_CumCost,MILP_DemandMet,SheetsUsed,Scrap_mm,ScrapCost,InvCost,LostSale_mm,MILP_LostSaleCost
1234,1,14,35,27,8,6,p1:6; p2:8; p3:27; p5:4,12,0,0,0,0,6968.00,6968.00,Y,45,3400.0,6800.00,168.00,0,0.00
1234,2,45,38,1,15,10,p1:10; p2:15; p3:2; p5:18,25,0,1,0,0,6336.90,13304.90,Y,45,2970.0,5940.00,396.90,0,0.00
1234,3,74,27,20,1,7,p0:6; p1:7; p2:1; p3:19; p5:4,0,0,0,0,0,5080.00,18384.90,Y,37,2540.0,5080.00,0.00,0,0.00
1234,4,69,26,15,16,0,p0:6; p2:16; p3:16; p5:5,4,0,1,0,0,5022.90,23407.80,Y,43,2460.0,4920.00,102.90,0,0.00
1234,5,68,26,7,8,12,p0:5; p1:12; p2:8; p3:6; p5:10,4,0,0,0,0,4456.00,27863.80,Y,41,2200.0,4400.00,56.00,0,0.00
1234,6,93,31,3,16,1,p0:7; p1:1; p2:16; p3:3; p5:14,0,0,0,0,0,4860.00,32723.80,Y,41,2430.0,4860.00,0.00,0,0.00
1234,7,32,6,21,8,19,p1:19; p2:8; p3:21,3,15,0,0,0,5233.50,37957.30,Y,48,2370.0,4740.00,493.50,0,0.00
1234,8,88,6,3,12,17,p0:8; p1:17; p2:12; p3:3,4,12,0,0,0,1597.20,39554.50,Y,40,590.0,1180.00,417.20,0,0.00
1234,9,98,13,8,4,15,p0:12; p1:15; p2:4; p3:8,1,7,0,0,0,2204.70,41759.20,Y,39,990.0,1980.00,224.70,0,0.00
1234,10,13,32,10,15,13,p1:13; p2:15; p3:11; p5:7,38,0,1,0,0,5298.90,47058.10,Y,46,2360.0,4720.00,578.90,0,0.00
1234,11,26,13,17,18,11,p1:11; p2:18; p3:16,59,3,0,0,0,4696.30,51754.40,Y,45,1890.0,3780.00,916.30,0,0.00
1234,12,31,21,14,9,17,p1:17; p2:9; p3:14; p5:2,65,0,0,0,0,4790.00,56544.40,Y,42,1940.0,3880.00,910.00,0,0.00
1234,13,73,7,2,26,9,p1:9; p2:26; p3:3; p5:2,55,0,1,0,0,2676.90,59221.30,Y,40,930.0,1860.00,816.90,0,0.00
1234,14,65,10,15,4,17,p1:17; p2:4; p3:14,15,4,0,0,0,3550.40,62771.70,Y,35,1610.0,3220.00,330.40,0,0.00
1234,15,24,31,2,20,12,p1:12; p2:20; p3:3; p5:12,55,0,1,0,0,5416.90,68188.60,Y,47,2300.0,4600.00,816.90,0,0.00
1234,16,28,43,3,6,18,p1:18; p2:6; p3:3; p5:20,77,0,1,0,0,7804.90,75993.50,Y,47,3340.0,6680.00,1124.90,0,0.00
1234,17,76,24,6,2,17,p1:17; p2:2; p3:6; p5:9,31,0,1,0,0,4580.90,80574.40,Y,34,2050.0,4100.00,480.90,0,0.00
1234,18,34,10,2,21,19,p1:19; p2:21; p3:2; p5:4,62,0,1,0,0,3234.90,83809.30,Y,46,1160.0,2320.00,914.90,0,0.00
1234,19,40,25,13,17,7,p1:7; p2:17; p3:13; p5:6,69,0,1,0,0,5772.90,89582.20,Y,43,2380.0,4760.00,1012.90,0,0.00
1234,20,64,20,13,10,10,p1:10; p2:10; p3:12; p5:4,39,0,0,0,0,4466.00,94048.20,Y,36,1960.0,3920.00,546.00,0,0.00
1234,21,70,16,15,16,4,p1:4; p2:16; p3:16,5,0,1,0,0,3716.90,97765.10,Y,36,1800.0,3600.00,116.90,0,0.00
1234,22,55,37,6,2,16,p0:3; p1:16; p2:2; p3:5; p5:16,4,0,0,0,0,5896.00,103661.10,Y,42,2920.0,5840.00,56.00,0,0.00
1234,23,25,18,19,27,1,p1:1; p2:27; p3:19,34,1,0,0,0,4866.10,108527.20,Y,47,2180.0,4360.00,506.10,0,0.00
1234,24,21,25,9,12,17,p1:17; p2:12; p3:10; p5:7,61,0,1,0,0,5440.90,113968.10,Y,46,2270.0,4540.00,900.90,0,0.00
1234,25,44,17,6,10,20,p1:20; p2:10; p3:5; p5:6,63,0,0,0,0,4162.00,118130.10,Y,41,1640.0,3280.00,882.00,0,0.00
1234,26,14,3,17,10,25,p1:25; p2:10; p3:15,94,12,0,0,0,45577.20,163707.30,N,50,1850.0,3700.00,1677.20,1340,40200.00
1234,27,37,36,9,6,15,p1:15; p2:6; p3:10; p5:7,91,0,1,0,0,5700.90,169408.20,Y,38,2190.0,4380.00,1320.90,0,0.00
1234,28,96,25,21,0,4,p1:4; p3:21; p5:2,1,0,1,0,0,4900.90,174309.10,Y,27,2420.0,4840.00,60.90,0,0.00
1234,29,58,13,0,9,24,p0:2; p1:24; p2:9; p3:1; p5:6,3,0,2,0,0,2675.80,176984.90,Y,42,1270.0,2540.00,135.80,0,0.00
1234,30,18,4,4,17,27,p1:27; p2:17; p3:2; p5:1,47,0,0,0,0,2218.00,179202.90,Y,47,780.0,1560.00,658.00,0,0.00
1234,31,14,17,17,13,16,p1:16; p2:13; p3:17,75,0,0,0,0,5030.00,184232.90,Y,46,1990.0,3980.00,1050.00,0,0.00
1234,32,27,28,9,18,11,p1:11; p2:18; p3:10; p5:9,104,0,1,0,0,6602.90,190835.80,Y,48,2550.0,5100.00,1502.90,0,0.00
1234,33,36,18,26,10,8,p1:8; p2:10; p3:25,96,7,0,0,0,6914.70,197750.50,Y,43,2680.0,5360.00,1554.70,0,0.00
1234,34,77,11,4,20,10,p1:10; p2:20; p3:4,69,0,0,0,0,2366.00,200116.50,Y,34,700.0,1400.00,966.00,0,0.00
1234,35,58,26,15,9,8,p1:8; p2:9; p3:16; p5:5,42,0,1,0,0,5574.90,205691.40,Y,38,2470.0,4940.00,634.90,0,0.00
1234,36,55,15,17,13,9,p1:9; p2:13; p3:16,22,1,0,0,0,3978.10,209669.50,Y,38,1820.0,3640.00,338.10,0,0.00
1234,37,39,11,29,7,11,p1:11; p2:7; p3:29,8,19,0,0,0,6843.90,216513.40,Y,47,3080.0,6160.00,683.90,0,0.00
1234,38,17,48,10,2,16,p1:16; p2:2; p3:11; p5:9,20,0,1,0,0,5406.90,221920.30,Y,38,2540.0,5080.00,326.90,0,0.00
1234,39,2,35,24,3,14,p1:14; p2:3; p3:23; p5:6,44,0,0,0,0,7236.00,229156.30,Y,46,3310.0,6620.00,616.00,0,0.00
1234,40,49,5,9,10,23,p1:23; p2:10; p3:9,38,4,0,0,0,3112.40,232268.70,Y,42,1230.0,2460.00,652.40,0,0.00
1234,41,21,38,7,16,10,p1:10; p2:16; p3:8; p5:13,72,0,1,0,0,6814.90,239083.60,Y,47,2880.0,5760.00,1054.90,0,0.00
1234,42,57,8,6,21,12,p1:12; p2:21; p3:6; p5:1,70,0,1,0,0,3166.90,242250.50,Y,40,1070.0,2140.00,1026.90,0,0.00
1234,43,67,23,2,22,6,p1:6; p2:22; p3:1; p5:11,64,0,0,0,0,4736.00,246986.50,Y,40,1920.0,3840.00,896.00,0,0.00
1234,44,65,28,15,14,2,p1:2; p2:14; p3:16; p5:6,35,0,1,0,0,5736.90,252723.40,Y,38,2600.0,5200.00,536.90,0,0.00
1234,45,106,3,19,14,2,p0:7; p1:2; p2:14; p3:18,1,15,0,0,0,4385.50,257108.90,Y,41,1960.0,3920.00,465.50,0,0.00
1234,46,43,35,16,7,8,p0:3; p1:8; p2:7; p3:16; p5:2,0,0,0,0,0,4060.00,261168.90,Y,36,2030.0,4060.00,0.00,0,0.00
1234,47,13,22,5,24,13,p1:13; p2:24; p3:5; p5:8,56,0,0,0,0,17664.00,278832.90,N,50,1990.0,3980.00,784.00,430,12900.00
1234,48,7,17,28,10,13,p1:13; p2:10; p3:27,82,10,0,0,0,27409.00,306241.90,N,50,2930.0,5860.00,1449.00,670,20100.00
1234,49,88,19,23,2,5,p1:5; p2:2; p3:23,3,14,0,0,0,5203.40,311445.30,Y,30,2370.0,4740.00,463.40,0,0.00
1234,50,47,29,10,11,11,p0:2; p1:11; p2:11; p3:11; p5:2,3,0,1,0,0,3288.90,314734.20,Y,37,1600.0,3200.00,88.90,0,0.00
1234,51,73,4,5,21,12,p0:3; p1:12; p2:21; p3:4,2,0,0,0,0,1488.00,316222.20,Y,40,730.0,1460.00,28.00,0,0.00
1234,52,64,27,11,8,10,p0:5; p1:10; p2:8; p3:11; p5:8,2,0,0,0,0,4828.00,321050.20,Y,42,2400.0,4800.00,28.00,0,0.00
1234,53,1,7,16,15,22,p1:22; p2:15; p3:13,53,6,0,0,0,64562.60,385612.80,N,50,1670.0,3340.00,922.60,2010,60300.00
1234,54,52,36,10,18,2,p1:2; p2:18; p3:10; p5:10,49,0,0,0,0,5886.00,391498.80,Y,40,2600.0,5200.00,686.00,0,0.00
1234,55,34,16,20,24,2,p1:2; p2:24; p3:20,65,4,0,0,0,5550.40,397049.20,Y,46,2260.0,4520.00,1030.40,0,0.00
1234,56,8,21,21,15,12,p1:12; p2:15; p3:21,99,4,0,0,0,6246.40,403295.60,Y,48,2370.0,4740.00,1506.40,0,0.00
1234,57,82,18,3,2,21,p1:21; p2:2; p3:4; p5:5,47,0,1,0,0,3364.90,406660.50,Y,32,1330.0,2660.00,704.90,0,0.00
1234,58,63,28,22,4,6,p1:6; p2:4; p3:22; p5:3,1,0,1,0,0,5500.90,412161.40,Y,35,2720.0,5440.00,60.90,0,0.00
1234,59,66,24,18,8,6,p0:7; p1:6; p2:8; p3:18; p5:3,2,0,1,0,0,4794.90,416956.30,Y,42,2360.0,4720.00,74.90,0,0.00
1234,60,57,10,16,13,11,p0:3; p1:11; p2:13; p3:15,0,5,0,0,0,3630.50,420586.80,Y,42,1740.0,3480.00,150.50,0,0.00
1234,61,55,4,27,21,1,p0:1; p1:1; p2:21; p3:24; p4:3,0,25,0,0,0,6772.50,427359.30,Y,50,3010.0,6020.00,752.50,0,0.00
1234,62,5,14,16,17,17,p1:17; p2:17; p3:16,46,27,0,0,0,5336.70,432696.00,Y,50,1940.0,3880.00,1456.70,0,0.00
1234,63,77,12,17,7,11,p0:1; p1:11; p2:7; p3:17,0,32,0,0,0,4723.20,437419.20,Y,36,1880.0,3760.00,963.20,0,0.00
1234,64,57,6,8,22,11,p0:1; p1:11; p2:22; p3:8,4,34,0,0,0,3339.40,440758.60,Y,42,1130.0,2260.00,1079.40,0,0.00
1234,65,44,29,6,14,13,p1:13; p2:14; p3:6,1,11,0,0,0,2085.10,442843.70,Y,33,870.0,1740.00,345.10,0,0.00
1234,66,42,6,10,11,22,p1:22; p2:11; p3:10,3,15,0,0,0,3153.50,445997.20,Y,43,1330.0,2660.00,493.50,0,0.00
1234,67,9,2,38,9,13,p1:13; p2:9; p3:28,25,41,0,0,0,208624.10,654621.30,N,50,3020.0,6040.00,1584.10,6700,201000.00
1234,68,8,40,20,8,10,p1:10; p2:8; p3:20,43,21,0,0,0,5594.10,660215.40,Y,38,2180.0,4360.00,1234.10,0,0.00
1234,69,38,44,1,7,15,p1:15; p2:7; p3:1; p5:11,45,0,0,0,0,4350.00,664565.40,Y,34,1860.0,3720.00,630.00,0,0.00
1234,70,74,12,6,9,17,p1:17; p2:9; p3:6; p5:3,9,0,0,0,0,2686.00,667251.40,Y,35,1280.0,2560.00,126.00,0,0.00
1234,71,57,26,11,11,10,p0:2; p1:10; p2:11; p3:12; p5:7,3,0,1,0,0,4868.90,672120.30,Y,42,2390.0,4780.00,88.90,0,0.00
1234,72,85,51,5,2,5,p0:9; p1:5; p2:2; p3:5; p5:23,4,0,1,0,0,7682.90,679803.20,Y,44,3790.0,7580.00,102.90,0,0.00
1234,73,54,33,1,13,12,p1:12; p2:13; p3:1; p5:16,4,0,1,0,0,5282.90,685086.10,Y,42,2590.0,5180.00,102.90,0,0.00
1234,74,102,17,2,3,17,p0:12; p1:17; p2:3; p3:1; p5:8,5,0,0,0,0,2910.00,687996.10,Y,41,1420.0,2840.00,70.00,0,0.00
1234,75,69,17,8,8,15,p0:5; p1:15; p2:8; p3:9; p5:4,1,0,1,0,0,3440.90,691437.00,Y,41,1690.0,3380.00,60.90,0,0.00
1234,76,60,14,30,6,5,p0:7; p1:5; p2:6; p3:29,0,15,0,0,0,6471.50,697908.50,Y,47,3010.0,6020.00,451.50,0,0.00
1234,77,57,11,5,21,12,p0:1; p1:12; p2:21; p3:5,3,9,0,0,0,1972.90,699881.40,Y,39,830.0,1660.00,312.90,0,0.00
1234,78,1,23,20,16,13,p1:13; p2:16; p3:20,47,6,0,0,0,5418.60,705300.00,Y,49,2290.0,4580.00,838.60,0,0.00
1234,79,34,3,14,25,11,p1:11; p2:25; p3:14,74,17,0,0,0,5067.70,710367.70,Y,50,1760.0,3520.00,1547.70,0,0.00
1234,80,9,33,19,23,1,p1:1; p2:23; p3:19,112,3,0,0,0,5938.30,716306.00,Y,43,2140.0,4280.00,1658.30,0,0.00
1234,81,53,10,6,11,21,p1:21; p2:11; p3:7,102,0,1,0,0,3514.90,719820.90,Y,39,1020.0,2040.00,1474.90,0,0.00
1234,82,29,37,5,11,14,p1:14; p2:11; p3:5; p5:16,125,0,1,0,0,7776.90,727597.80,Y,46,2990.0,5980.00,1796.90,0,0.00
1234,83,8,27,12,25,7,p1:7; p2:24; p3:11; p5:8,180,0,0,0,0,31280.00,758877.80,N,50,2530.0,5060.00,2520.00,790,23700.00
1234,84,8,7,30,18,9,p1:9; p2:18; p3:23,217,16,0,0,0,149359.60,908237.40,N,50,2570.0,5140.00,3519.60,4690,140700.00
1234,85,56,23,15,7,12,p1:12; p2:7; p3:15,187,8,0,0,0,6238.80,914476.20,Y,34,1690.0,3380.00,2858.80,0,0.00
1234,86,69,32,10,13,3,p1:3; p2:13; p3:10; p5:7,154,0,0,0,0,6436.00,920912.20,Y,33,2140.0,4280.00,2156.00,0,0.00
1234,87,69,12,5,13,15,p1:15; p2:13; p3:6; p5:3,129,0,1,0,0,4452.90,925365.10,Y,37,1300.0,2600.00,1852.90,0,0.00
1234,88,22,15,23,16,10,p1:10; p2:16; p3:22,149,7,0,0,0,7216.70,932581.80,Y,48,2460.0,4920.00,2296.70,0,0.00
1234,89,76,34,1,17,5,p1:5; p2:17; p3:1; p5:13,125,0,0,0,0,6030.00,938611.80,Y,36,2140.0,4280.00,1750.00,0,0.00
1234,90,20,14,26,15,9,p1:9; p2:15; p3:26,144,12,0,0,0,8057.20,946669.00,Y,50,2840.0,5680.00,2377.20,0,0.00
1234,91,69,6,18,7,14,p1:14; p2:7; p3:18,103,24,0,0,0,6184.40,952853.40,Y,39,2010.0,4020.00,2164.40,0,0.00
1234,92,20,32,13,11,12,p1:12; p2:11; p3:13,117,5,0,0,0,4848.50,957701.90,Y,36,1530.0,3060.00,1788.50,0,0.00
1234,93,63,23,17,9,7,p1:7; p2:9; p3:18,79,0,1,0,0,5072.90,962774.80,Y,34,1960.0,3920.00,1152.90,0,0.00
1234,94,50,35,22,9,1,p1:1; p2:9; p3:21; p5:7,55,0,0,0,0,7130.00,969904.80,Y,38,3180.0,6360.00,770.00,0,0.00
1234,95,59,1,21,15,10,p1:10; p2:15; p3:21,36,20,0,0,0,5806.00,975710.80,Y,46,2350.0,4700.00,1106.00,0,0.00
1234,96,34,26,10,11,15,p1:15; p2:11; p3:10,39,4,0,0,0,3186.40,978897.20,Y,36,1260.0,2520.00,666.40,0,0.00
1234,97,24,11,6,17,21,p1:21; p2:17; p3:7,70,0,1,0,0,3186.90,982084.10,Y,45,1080.0,2160.00,1026.90,0,0.00
1234,98,47,31,23,5,6,p1:6; p2:5; p3:23; p5:4,43,0,1,0,0,6588.90,988673.00,Y,38,2970.0,5940.00,648.90,0,0.00
1234,99,68,5,1,20,15,p1:15; p2:20; p3:1; p5:2,32,0,1,0,0,1954.90,990627.90,Y,38,730.0,1460.00,494.90,0,0.00
1234,100,37,36,2,13,14,p1:14; p2:13; p3:2; p5:17,52,0,1,0,0,6474.90,997102.80,Y,46,2850.0,5700.00,774.90,0,0.00
1234,101,69,1,16,15,11,p1:11; p2:15; p3:15,24,14,0,0,0,4277.40,1001380.20,Y,41,1760.0,3520.00,757.40,0,0.00
1234,102,60,39,23,2,2,p0:5; p1:2; p2:2; p3:23; p5:1,1,0,0,0,0,4974.00,1006354.20,Y,33,2480.0,4960.00,14.00,0,0.00
1234,103,86,8,23,2,10,p0:12; p1:10; p2:2; p3:23,1,15,0,0,0,5305.50,1011659.70,Y,47,2420.0,4840.00,465.50,0,0.00
1234,104,79,11,5,18,10,p0:6; p1:10; p2:18; p3:5,4,9,0,0,0,1886.90,1013546.60,Y,39,780.0,1560.00,326.90,0,0.00
1234,105,53,15,17,16,7,p0:2; p1:7; p2:16; p3:17,2,11,0,0,0,4219.10,1017765.70,Y,42,1930.0,3860.00,359.10,0,0.00
1234,106,86,14,4,15,10,p0:8; p1:10; p2:15; p3:4,4,1,0,0,0,1386.10,1019151.80,Y,37,650.0,1300.00,86.10,0,0.00
1234,107,88,4,22,8,8,p0:10; p1:8; p2:8; p3:22,0,19,0,0,0,5291.90,1024443.70,Y,48,2360.0,4720.00,571.90,0,0.00
1234,108,58,17,19,14,5,p0:5; p1:5; p2:14; p3:19,5,21,0,0,0,4882.10,1029325.80,Y,43,2090.0,4180.00,702.10,0,0.00
1234,109,69,15,14,16,6,p0:5; p1:6; p2:16; p3:14,4,20,0,0,0,3898.00,1033223.80,Y,41,1620.0,3240.00,658.00,0,0.00
1234,110,68,13,13,17,7,p0:4; p1:7; p2:17; p3:13,1,20,0,0,0,3696.00,1036919.80,Y,41,1540.0,3080.00,616.00,0,0.00
1234,111,38,54,9,3,9,p0:2; p1:9; p2:3; p3:10; p5:12,2,0,1,0,0,5674.90,1042594.70,Y,36,2800.0,5600.00,74.90,0,0.00
1234,112,54,18,15,18,5,p0:2; p1:5; p2:18; p3:14; p5:2,3,0,0,0,0,3862.00,1046456.70,Y,41,1910.0,3820.00,42.00,0,0.00
1234,113,79,1,22,20,1,p0:6; p1:1; p2:20; p3:22,1,21,0,0,0,5466.10,1051922.80,Y,49,2410.0,4820.00,646.10,0,0.00
1234,114,45,30,9,9,13,p0:3; p1:13; p2:9; p3:9,5,0,0,0,0,2310.00,1054232.80,Y,34,1120.0,2240.00,70.00,0,0.00
1234,115,63,12,14,19,6,p0:3; p1:6; p2:19; p3:14,4,2,0,0,0,3416.20,1057649.00,Y,42,1650.0,3300.00,116.20,0,0.00
1234,116,39,4,19,16,13,p1:13; p2:16; p3:19,10,17,0,0,0,5031.70,1062680.70,Y,48,2190.0,4380.00,651.70,0,0.00
1234,117,48,8,11,18,14,p1:14; p2:18; p3:11,12,20,0,0,0,3610.00,1066290.70,Y,43,1420.0,2840.00,770.00,0,0.00
1234,118,79,38,1,3,13,p0:7; p1:13; p2:3; p3:2; p5:8,2,0,1,0,0,3034.90,1069325.60,Y,33,1480.0,2960.00,74.90,0,0.00
1234,119,58,15,19,10,9,p0:5; p1:9; p2:10; p3:18,3,3,0,0,0,4112.30,1073437.90,Y,42,1990.0,3980.00,132.30,0,0.00
1234,120,42,4,33,16,3,p1:3; p2:16; p3:29; p4:2,0,28,0,0,0,47742.80,1121180.70,N,50,3350.0,6700.00,842.80,1340,40200.00
1234,121,5,4,23,13,20,p1:20; p2:13; p3:17,41,41,0,0,0,126468.10,1247648.80,N,50,2030.0,4060.00,1808.10,4020,120600.00
1234,122,83,1,26,15,2,p0:2; p1:2; p2:15; p3:26,2,66,0,0,0,7554.60,1255203.40,Y,45,2770.0,5540.00,2014.60,0,0.00
1234,123,48,28,7,9,15,p0:3; p1:15; p2:9; p3:7,5,45,0,0,0,3304.50,1258507.90,Y,34,940.0,1880.00,1424.50,0,0.00
1234,124,63,29,8,17,4,p0:4; p1:4; p2:17; p3:8,4,24,0,0,0,2798.40,1261306.30,Y,33,1010.0,2020.00,778.40,0,0.00
1234,125,81,25,22,1,6,p0:12; p1:6; p2:1; p3:22,3,21,0,0,0,5214.10,1266520.40,Y,41,2270.0,4540.00,674.10,0,0.00
1234,126,85,16,26,4,3,p0:12; p1:3; p2:4; p3:26,1,31,0,0,0,6287.10,1272807.50,Y,45,2670.0,5340.00,947.10,0,0.00
1234,127,19,45,20,14,0,p2:14; p3:20,10,6,0,0,0,4600.60,1277408.10,Y,34,2140.0,4280.00,320.60,0,0.00
1234,128,26,39,8,20,5,p1:5; p2:20; p3:9; p5:12,41,0,1,0,0,6280.90,1283689.00,Y,46,2830.0,5660.00,620.90,0,0.00
1234,129,42,38,3,12,12,p1:12; p2:12; p3:2; p5:18,53,0,0,0,0,6662.00,1290351.00,Y,44,2960.0,5920.00,742.00,0,0.00
1234,130,22,12,20,16,12,p1:12; p2:16; p3:20,75,8,0,0,0,5850.80,1296201.80,Y,48,2280.0,4560.00,1290.80,0,0.00
1234,131,38,19,21,10,10,p1:10; p2:10; p3:21,67,10,0,0,0,5839.00,1302040.80,Y,41,2300.0,4600.00,1239.00,0,0.00
1234,132,45,31,4,17,10,p1:10; p2:17; p3:5; p5:8,74,0,1,0,0,4862.90,1306903.70,Y,40,1890.0,3780.00,1082.90,0,0.00
1234,133,57,28,13,18,2,p1:2; p2:18; p3:12; p5:8,63,0,0,0,0,5922.00,1312825.70,Y,40,2520.0,5040.00,882.00,0,0.00
1234,134,86,25,16,11,0,p2:11; p3:17; p5:4,3,0,1,0,0,4828.90,1317654.60,Y,32,2370.0,4740.00,88.90,0,0.00
1234,135,25,35,20,3,12,p1:12; p2:3; p3:19; p5:8,4,0,0,0,0,6396.00,1324050.60,Y,42,3170.0,6340.00,56.00,0,0.00
1234,136,69,8,18,9,12,p0:6; p1:12; p2:9; p3:18,1,10,0,0,0,4335.00,1328385.60,Y,45,2010.0,4020.00,315.00,0,0.00
1234,137,76,27,10,17,1,p0:7; p1:1; p2:17; p3:11; p5:3,5,0,1,0,0,3516.90,1331902.50,Y,39,1700.0,3400.00,116.90,0,0.00
1234,138,81,24,23,4,3,p0:11; p1:3; p2:4; p3:22; p5:1,2,0,0,0,0,4848.00,1336750.50,Y,41,2410.0,4820.00,28.00,0,0.00
1234,139,4,30,25,13,8,p1:8; p2:13; p3:26; p5:2,34,0,1,0,0,6702.90,1343453.40,Y,49,3090.0,6180.00,522.90,0,0.00
